"","year","month","day","hour","P1.Sex","P2.Sex","Day.of.Week","Manner.of.Collision","First.Harmful.Event.Location","First.Harmful.Event","Ambient.Light","Weather.Condition.1","Weather.Condition.2","Traffic.Control.Device.Type","Traffic.Control.Device.Functionality","Road.Surface.Condition","Roadway.Junction.Type","Trafficway.Description","Street.or.Intersection","Intersection.Direction.1","Intersection.Direction.2","Street.Direction","v1.State.Code","V1.Hit.and.Run","V1.Action.Prior.to.Crash","V1.Occupant.Count","V1.Most.Damaged.Area","V1.Travel.Direction","V2.State.Code","V2.Hit.and.Run","V2.Action.Prior.to.Crash","V2.Occupant.Count","V2.Most.Damaged.Area","V2.Travel.Direction","P1.Drivers.Lic.State","P1.Drivers.Lic.Class.1","P1.Veh.Owner","P2.Role","P2.Drivers.Lic.State","P2.Drivers.Lic.Class.1","P2.Veh.Owner","First.Harmful.Event.LocationNA","First.Harmful.EventNA","Weather.Condition.2NA","Traffic.Control.Device.TypeNA","Traffic.Control.Device.FunctionalityNA","Trafficway.DescriptionNA","Intersection.Direction.1NA","Intersection.Direction.2NA","Street.DirectionNA","P1.Drivers.Lic.StateNA","P1.Drivers.Lic.Class.1NA","P2.Drivers.Lic.StateNA","P2.Drivers.Lic.Class.1NA"
"206",2015,1,26,10,"MALE","FEMALE","Monday","HEAD ON","ROADWAY","COLLISION WITH MOTOR VEHICLE IN TRAFFIC","DAYLIGHT","CLOUDY","CLEAR","NO CONTROLS","YES","OTHER","NOT AT INTERSECTION","TWO-WAY, NOT DIVIDED","NON INTERSECTION","EASTBOUND","NORTHBOUND","WESTBOUND",1,0,"TRAVELING STRAIGHT AHEAD","1","RIGHT FRONT",0,1,0,"PARKED","0","CENTER FRONT",1,1,"D, CLASS D VEHICLES",1,"UNINVOLVED OWNER",1,"D, CLASS D VEHICLES",0,0,0,1,0,1,0,1,1,0,0,1,0,1
"207",2015,6,5,21,"FEMALE","MALE","Friday","ANGLE","ROADWAY","COLLISION WITH PARKED MOTOR VEHICLE","DAYLIGHT","CLEAR","CLEAR","NO CONTROLS","YES","DRY","NOT AT INTERSECTION","ONE-WAY, NOT DIVIDED","NON INTERSECTION","EASTBOUND","NORTHBOUND","EASTBOUND",1,0,"PARKED","1","REAR CENTER",1,1,0,"TURNING RIGHT","1","CENTER FRONT",0,1,"D, CLASS D VEHICLES",0,"OPERATOR/DRIVER",1,"D, CLASS D VEHICLES",0,1,0,1,0,1,0,1,1,1,0,1,1,1
"208",2015,7,23,19,"MALE","FEMALE","Thursday","REAR TO REAR","ROADWAY","COLLISION WITH MOTOR VEHICLE IN TRAFFIC","DUSK","CLEAR","CLEAR","NO CONTROLS","YES","DRY","FOUR WAY INTERSECTION","TWO-WAY, NOT DIVIDED","INTERSECTION","NORTHBOUND","WESTBOUND","EASTBOUND",1,0,"BACKING","1","RIGHT REAR",0,1,0,"TRAVELING STRAIGHT AHEAD","1","RIGHT SIDE",0,1,"D, CLASS D VEHICLES",1,"OPERATOR/DRIVER",1,"D, CLASS D VEHICLES",1,0,0,0,0,1,0,0,0,1,0,0,0,0
"209",2016,6,18,12,"MALE","FEMALE","Saturday","SIDESWIPE, SAME DIRECTION","ROADWAY","COLLISION WITH MOTOR VEHICLE IN TRAFFIC","DAYLIGHT","CLEAR","CLEAR","NO CONTROLS","YES","DRY","FOUR WAY INTERSECTION","ONE-WAY, NOT DIVIDED","INTERSECTION","SOUTHBOUND","NORTHBOUND","EASTBOUND",0,0,"TRAVELING STRAIGHT AHEAD","more_than2","LEFT SIDE",0,1,0,"TRAVELING STRAIGHT AHEAD","1","RIGHT FRONT",0,0,"D, CLASS D VEHICLES",1,"OCCUPANT/PASSENGER",1,"D, CLASS D VEHICLES",0,0,0,1,0,1,0,0,1,1,0,1,1,1
"210",2016,6,21,17,"MALE","FEMALE","Tuesday","SIDESWIPE, SAME DIRECTION","ROADWAY","COLLISION WITH MOTOR VEHICLE IN TRAFFIC","DAYLIGHT","CLEAR","CLEAR","TRAFFIC CONTROL SIGNAL","YES","DRY","T-INTERSECTION","ONE-WAY, NOT DIVIDED","INTERSECTION","EASTBOUND","SOUTHBOUND","EASTBOUND",1,0,"ENTERING TRAFFIC LANE","1","RIGHT FRONT",0,1,0,"TRAVELING STRAIGHT AHEAD","1","LEFT SIDE",0,1,"D, CLASS D VEHICLES",0,"OPERATOR/DRIVER",1,"D, CLASS D VEHICLES",1,0,0,1,0,0,0,0,0,1,0,0,0,0
"211",2015,10,3,14,"FEMALE","FEMALE","Saturday","HEAD ON","ROADWAY","COLLISION WITH MOTOR VEHICLE IN TRAFFIC","DAYLIGHT","CLOUDY","CLEAR","STOP SIGNS","YES","DRY","T-INTERSECTION","TWO-WAY, NOT DIVIDED","INTERSECTION","SOUTHBOUND","WESTBOUND","EASTBOUND",1,0,"TURNING LEFT","1","CENTER FRONT",0,1,0,"TRAVELING STRAIGHT AHEAD","1","RIGHT FRONT",0,1,"D, CLASS D VEHICLES",1,"OPERATOR/DRIVER",1,"D, CLASS D VEHICLES",0,0,0,1,0,0,0,0,0,1,0,1,0,1
"212",2015,2,18,19,"MALE","FEMALE","Wednesday","ANGLE","ROADWAY","COLLISION WITH MOTOR VEHICLE IN TRAFFIC","DARK - LIGHTED ROADWAY","CLEAR","CLEAR","STOP SIGNS","YES","OTHER","FOUR WAY INTERSECTION","TWO-WAY, NOT DIVIDED","INTERSECTION","WESTBOUND","NORTHBOUND","EASTBOUND",1,0,"TRAVELING STRAIGHT AHEAD","1","CENTER FRONT",0,1,0,"TRAVELING STRAIGHT AHEAD","2","RIGHT SIDE",0,0,"D, CLASS D VEHICLES",1,"OPERATOR/DRIVER",1,"D, CLASS D VEHICLES",1,0,0,1,0,0,0,0,0,1,0,1,0,0
"213",2015,12,12,4,"MALE","MALE","Saturday","REAR-END","ROADWAY","COLLISION WITH MOTOR VEHICLE IN TRAFFIC","DARK - LIGHTED ROADWAY","CLEAR","CLEAR","TRAFFIC CONTROL SIGNAL","YES","DRY","FOUR WAY INTERSECTION","TWO-WAY, NOT DIVIDED","INTERSECTION","EASTBOUND","SOUTHBOUND","EASTBOUND",1,0,"TRAVELING STRAIGHT AHEAD","1","CENTER FRONT",0,1,0,"SLOWING OR STOPPED IN TRAFFIC","1","RIGHT REAR",0,1,"D, CLASS D VEHICLES",1,"OPERATOR/DRIVER",1,"D, CLASS D VEHICLES",0,0,0,0,0,0,0,0,0,1,0,1,0,1
"214",2015,3,3,16,"MALE","MALE","Tuesday","REAR-END","ROADWAY","COLLISION WITH MOTOR VEHICLE IN TRAFFIC","DAYLIGHT","CLEAR","CLEAR","NO CONTROLS","YES","OTHER","T-INTERSECTION","TWO-WAY, DIVIDED, POSITIVE MEDIAN BARRIER","INTERSECTION","NORTHBOUND","WESTBOUND","NORTHBOUND",1,0,"SLOWING OR STOPPED IN TRAFFIC","1","REAR CENTER",0,1,0,"TRAVELING STRAIGHT AHEAD","1","CENTER FRONT",0,1,"D, CLASS D VEHICLES",1,"OPERATOR/DRIVER",1,"D, CLASS D VEHICLES",1,0,0,1,0,0,0,0,0,0,0,1,0,1
"215",2015,7,28,14,"FEMALE","MALE","Tuesday","ANGLE","ROADWAY","COLLISION WITH MOTOR VEHICLE IN TRAFFIC","DAYLIGHT","CLEAR","CLEAR","STOP SIGNS","YES","DRY","FOUR WAY INTERSECTION","TWO-WAY, NOT DIVIDED","INTERSECTION","EASTBOUND","NORTHBOUND","EASTBOUND",1,0,"SLOWING OR STOPPED IN TRAFFIC","1","RIGHT FRONT",0,1,0,"TRAVELING STRAIGHT AHEAD","1","LEFT SIDE",0,1,"D, CLASS D VEHICLES",1,"OPERATOR/DRIVER",1,"D, CLASS D VEHICLES",1,0,0,1,0,0,0,1,1,1,0,1,0,1
"216",2016,3,17,16,"FEMALE","FEMALE","Thursday","REAR-END","ROADWAY","COLLISION WITH MOTOR VEHICLE IN TRAFFIC","DAYLIGHT","RAIN","CLEAR","NO CONTROLS","YES","WET","NOT AT INTERSECTION","TWO-WAY, DIVIDED, POSITIVE MEDIAN BARRIER","NON INTERSECTION","EASTBOUND","NORTHBOUND","EASTBOUND",1,0,"SLOWING OR STOPPED IN TRAFFIC","1","RIGHT REAR",1,1,0,"SLOWING OR STOPPED IN TRAFFIC","1","LEFT FRONT",1,1,"D, CLASS D VEHICLES",1,"OPERATOR/DRIVER",1,"D, CLASS D VEHICLES",1,0,0,1,0,1,0,1,1,1,0,0,0,0
"217",2016,5,28,17,"MALE","MALE","Saturday","SIDESWIPE, SAME DIRECTION","ROADWAY","COLLISION WITH PARKED MOTOR VEHICLE","DAYLIGHT","CLEAR","CLEAR","NO CONTROLS","NO","DRY","NOT AT INTERSECTION","TWO-WAY, NOT DIVIDED","NON INTERSECTION","EASTBOUND","NORTHBOUND","EASTBOUND",1,0,"TRAVELING STRAIGHT AHEAD","1","RIGHT FRONT",1,1,0,"PARKED","0","LEFT REAR",1,1,"D, CLASS D VEHICLES",1,"UNINVOLVED OWNER",1,"D, CLASS D VEHICLES",0,0,0,1,1,0,0,1,1,0,0,1,0,1
"218",2015,3,1,15,"FEMALE","MALE","Sunday","ANGLE","ROADWAY","COLLISION WITH MOTOR VEHICLE IN TRAFFIC","DAYLIGHT","CLOUDY","CLOUDY","NO CONTROLS","YES","DRY","NOT AT INTERSECTION","TWO-WAY, DIVIDED, POSITIVE MEDIAN BARRIER","INTERSECTION","SOUTHBOUND","EASTBOUND","EASTBOUND",1,0,"TRAVELING STRAIGHT AHEAD","2","CENTER FRONT",0,0,0,"ENTERING TRAFFIC LANE","1","CENTER FRONT",0,0,"D, CLASS D VEHICLES",1,"OPERATOR/DRIVER",0,"D, CLASS D VEHICLES",1,0,0,0,0,1,0,0,0,1,0,1,0,1
"219",2015,5,31,14,"MALE","MALE","Sunday","REAR-END","ROADWAY","COLLISION WITH MOTOR VEHICLE IN TRAFFIC","DAYLIGHT","CLOUDY","CLEAR","NO CONTROLS","YES","DRY","NOT AT INTERSECTION","TWO-WAY, NOT DIVIDED","NON INTERSECTION","EASTBOUND","NORTHBOUND","EASTBOUND",1,0,"SLOWING OR STOPPED IN TRAFFIC","2","REAR CENTER",0,1,0,"TRAVELING STRAIGHT AHEAD","1","CENTER FRONT",0,1,"D, CLASS D VEHICLES",1,"OPERATOR/DRIVER",1,"D, CLASS D VEHICLES",1,1,1,1,0,1,1,1,1,1,0,0,0,1
"220",2015,4,4,4,"MALE","FEMALE","Saturday","SIDESWIPE, SAME DIRECTION","ROADWAY","COLLISION WITH MOTOR VEHICLE IN TRAFFIC","DAYLIGHT","CLEAR","CLEAR","NO CONTROLS","YES","DRY","NOT AT INTERSECTION","TWO-WAY, NOT DIVIDED","NON INTERSECTION","EASTBOUND","NORTHBOUND","EASTBOUND",1,0,"TRAVELING STRAIGHT AHEAD","2","RIGHT FRONT",0,1,0,"SLOWING OR STOPPED IN TRAFFIC","2","LEFT FRONT",0,1,"D, CLASS D VEHICLES",1,"OCCUPANT/PASSENGER",1,"D, CLASS D VEHICLES",0,0,1,0,0,1,0,1,1,1,0,1,1,1
"221",2015,1,13,9,"MALE","MALE","Tuesday","SIDESWIPE, SAME DIRECTION","ROADWAY","COLLISION WITH PARKED MOTOR VEHICLE","DAYLIGHT","CLEAR","CLEAR","NO CONTROLS","YES","DRY","NOT AT INTERSECTION","TWO-WAY, NOT DIVIDED","NON INTERSECTION","EASTBOUND","NORTHBOUND","WESTBOUND",1,0,"PARKED","1","LEFT SIDE",0,1,0,"TRAVELING STRAIGHT AHEAD","1","RIGHT SIDE",1,1,"D, CLASS D VEHICLES",1,"OPERATOR/DRIVER",1,"D, CLASS D VEHICLES",1,0,0,1,0,1,0,1,1,0,0,1,0,1
"222",2015,8,31,1,"MALE","MALE","Monday","ANGLE","UNKNOWN","COLLISION WITH MOTOR VEHICLE IN TRAFFIC","DARK - LIGHTED ROADWAY","CLEAR","CLEAR","STOP SIGNS","YES","DRY","FOUR WAY INTERSECTION","ONE-WAY, NOT DIVIDED","INTERSECTION","WESTBOUND","SOUTHBOUND","EASTBOUND",1,0,"TRAVELING STRAIGHT AHEAD","1","CENTER FRONT",0,0,0,"TRAVELING STRAIGHT AHEAD","2","RIGHT FRONT",0,1,"D, CLASS D VEHICLES",1,"OPERATOR/DRIVER",0,"D, CLASS D VEHICLES",0,0,0,1,0,0,0,0,0,1,0,0,0,1
"223",2016,5,19,9,"MALE","FEMALE","Thursday","ANGLE","ROADWAY","COLLISION WITH MOTOR VEHICLE IN TRAFFIC","DAYLIGHT","CLEAR","CLEAR","OTHER","YES","DRY","FOUR WAY INTERSECTION","TWO-WAY, NOT DIVIDED","INTERSECTION","EASTBOUND","NORTHBOUND","EASTBOUND",1,0,"SLOWING OR STOPPED IN TRAFFIC","1","LEFT FRONT",0,1,0,"OTHER","1","RIGHT REAR",0,1,"D, CLASS D VEHICLES",1,"OPERATOR/DRIVER",1,"D, CLASS D VEHICLES",1,0,0,0,0,0,0,1,1,1,0,0,0,0
"224",2015,6,28,14,"MALE","FEMALE","Sunday","SIDESWIPE, OPPOSITE DIRECTION","ROADWAY","COLLISION WITH MOTOR VEHICLE IN TRAFFIC","UNKNOWN","UNKNOWN","CLEAR","NO CONTROLS","YES","UNKNOWN","NOT AT INTERSECTION","TWO-WAY, DIVIDED, UNPROTECTED MEDIAN","NON INTERSECTION","EASTBOUND","NORTHBOUND","EASTBOUND",1,0,"TRAVELING STRAIGHT AHEAD","1","LEFT SIDE",1,1,0,"TRAVELING STRAIGHT AHEAD","1","OTHER",1,1,"UNKNOWN",0,"UNINVOLVED OWNER",1,"D, CLASS D VEHICLES",1,1,1,1,1,1,0,1,1,1,0,0,1,1
"225",2015,9,11,16,"MALE","FEMALE","Friday","ANGLE","ROADWAY","COLLISION WITH MOTOR VEHICLE IN TRAFFIC","DAYLIGHT","CLEAR","CLEAR","STOP SIGNS","YES","DRY","FOUR WAY INTERSECTION","TWO-WAY, NOT DIVIDED","INTERSECTION","EASTBOUND","SOUTHBOUND","EASTBOUND",0,0,"TRAVELING STRAIGHT AHEAD","2","LEFT SIDE",0,0,0,"TRAVELING STRAIGHT AHEAD","1","CENTER FRONT",0,0,"D, CLASS D VEHICLES",0,"OCCUPANT/PASSENGER",1,"D, CLASS D VEHICLES",0,0,0,1,0,0,0,0,0,1,0,1,1,1
"226",2015,7,5,0,"MALE","FEMALE","Sunday","HEAD ON","ROADWAY","COLLISION WITH MOTOR VEHICLE IN TRAFFIC","DARK - LIGHTED ROADWAY","CLEAR","CLEAR","NO CONTROLS","YES","DRY","NOT AT INTERSECTION","TWO-WAY, NOT DIVIDED","NON INTERSECTION","EASTBOUND","NORTHBOUND","WESTBOUND",1,0,"TRAVELING STRAIGHT AHEAD","more_than2","CENTER FRONT",0,1,0,"BACKING","1","LEFT FRONT",0,1,"D, CLASS D VEHICLES",0,"OCCUPANT/PASSENGER",1,"D, CLASS D VEHICLES",1,0,0,0,0,1,0,1,1,0,0,0,0,0
"227",2016,3,1,15,"FEMALE","MALE","Tuesday","ANGLE","ROADWAY","COLLISION WITH MOTOR VEHICLE IN TRAFFIC","DAYLIGHT","CLEAR","CLEAR","NO CONTROLS","YES","DRY","T-INTERSECTION","TWO-WAY, NOT DIVIDED","INTERSECTION","NORTHBOUND","WESTBOUND","EASTBOUND",1,0,"TRAVELING STRAIGHT AHEAD","1","LEFT FRONT",0,0,0,"TRAVELING STRAIGHT AHEAD","1","RIGHT FRONT",0,1,"D, CLASS D VEHICLES",1,"OPERATOR/DRIVER",0,"OTHER",1,0,0,1,0,1,0,0,0,1,0,0,0,0
"228",2016,4,10,16,"MALE","MALE","Sunday","REAR-END","UNKNOWN","COLLISION WITH MOTOR VEHICLE IN TRAFFIC","DARK - LIGHTED ROADWAY","CLEAR","CLEAR","TRAFFIC CONTROL SIGNAL","YES","DRY","FOUR WAY INTERSECTION","TWO-WAY, NOT DIVIDED","INTERSECTION","WESTBOUND","NORTHBOUND","EASTBOUND",1,1,"SLOWING OR STOPPED IN TRAFFIC","2","REAR CENTER",0,1,1,"TRAVELING STRAIGHT AHEAD","1","CENTER FRONT",0,1,"D, CLASS D VEHICLES",1,"UNINVOLVED OWNER",1,"D, CLASS D VEHICLES",1,0,0,0,0,0,0,0,0,1,0,0,0,0
"229",2015,8,18,19,"MALE","MALE","Tuesday","REAR-END","ROADWAY","COLLISION WITH MOTOR VEHICLE IN TRAFFIC","DAYLIGHT","CLOUDY","CLEAR","STOP SIGNS","YES","DRY","FOUR WAY INTERSECTION","TWO-WAY, DIVIDED, UNPROTECTED MEDIAN","INTERSECTION","EASTBOUND","NORTHBOUND","EASTBOUND",1,0,"TRAVELING STRAIGHT AHEAD","1","CENTER FRONT",0,1,0,"ENTERING TRAFFIC LANE","2","LEFT REAR",0,1,"D, CLASS D VEHICLES",0,"OPERATOR/DRIVER",1,"D, CLASS D VEHICLES",1,0,1,1,0,0,0,0,0,1,0,0,0,0
"230",2015,6,27,15,"MALE","FEMALE","Saturday","ANGLE","ROADWAY","COLLISION WITH MOTOR VEHICLE IN TRAFFIC","DAYLIGHT","CLEAR","CLEAR","STOP SIGNS","YES","DRY","FOUR WAY INTERSECTION","TWO-WAY, NOT DIVIDED","INTERSECTION","EASTBOUND","NORTHBOUND","EASTBOUND",1,0,"TRAVELING STRAIGHT AHEAD","1","CENTER FRONT",0,1,0,"TRAVELING STRAIGHT AHEAD","1","CENTER FRONT",0,1,"D, CLASS D VEHICLES",0,"UNINVOLVED OWNER",1,"D, CLASS D VEHICLES",1,0,0,1,0,0,0,0,0,1,0,1,0,1
"231",2016,5,4,5,"MALE","FEMALE","Wednesday","SIDESWIPE, SAME DIRECTION","ROADWAY","COLLISION WITH PARKED MOTOR VEHICLE","DARK - LIGHTED ROADWAY","CLEAR","CLEAR","NO CONTROLS","NO","DRY","NOT AT INTERSECTION","TWO-WAY, NOT DIVIDED","NON INTERSECTION","EASTBOUND","NORTHBOUND","WESTBOUND",1,1,"PARKED","0","REAR CENTER",0,0,1,"PARKED","0","RIGHT REAR",0,1,"D, CLASS D VEHICLES",1,"OPERATOR/DRIVER",1,"D, CLASS D VEHICLES",1,0,0,1,1,0,0,1,1,0,0,1,0,0
"232",2015,5,2,1,"MALE","FEMALE","Saturday","ANGLE","ROADWAY","COLLISION WITH MOTOR VEHICLE IN TRAFFIC","DARK - LIGHTED ROADWAY","CLEAR","CLEAR","NO CONTROLS","YES","DRY","NOT AT INTERSECTION","TWO-WAY, DIVIDED, UNPROTECTED MEDIAN","NON INTERSECTION","EASTBOUND","NORTHBOUND","EASTBOUND",1,1,"OTHER","1","OTHER",1,1,0,"PARKED","0","OTHER",1,1,"D, CLASS D VEHICLES",0,"UNINVOLVED OWNER",1,"D, CLASS D VEHICLES",1,0,1,1,0,1,0,1,1,1,1,1,1,1
"233",2016,6,1,15,"FEMALE","MALE","Wednesday","REAR-END","ROADWAY","COLLISION WITH MOTOR VEHICLE IN TRAFFIC","DAYLIGHT","CLEAR","CLEAR","NO CONTROLS","YES","DRY","NOT AT INTERSECTION","TWO-WAY, DIVIDED, UNPROTECTED MEDIAN","NON INTERSECTION","EASTBOUND","NORTHBOUND","EASTBOUND",1,0,"SLOWING OR STOPPED IN TRAFFIC","1","REAR CENTER",1,1,0,"SLOWING OR STOPPED IN TRAFFIC","1","OTHER",1,1,"D, CLASS D VEHICLES",1,"OPERATOR/DRIVER",1,"OTHER",1,0,0,1,0,1,0,1,1,0,0,0,0,0
"234",2015,2,11,17,"FEMALE","MALE","Wednesday","REAR-END","UNKNOWN","COLLISION WITH MOTOR VEHICLE IN TRAFFIC","DAYLIGHT","SNOW","OTHER","OTHER","YES","WET","T-INTERSECTION","TWO-WAY, DIVIDED, UNPROTECTED MEDIAN","INTERSECTION","NORTHBOUND","EASTBOUND","EASTBOUND",1,0,"TRAVELING STRAIGHT AHEAD","1","REAR CENTER",0,1,0,"OTHER","1","CENTER FRONT",0,1,"D, CLASS D VEHICLES",1,"OPERATOR/DRIVER",1,"D, CLASS D VEHICLES",1,0,0,0,0,0,0,0,0,1,0,0,0,0
"235",2015,1,26,18,"MALE","FEMALE","Monday","SIDESWIPE, OPPOSITE DIRECTION","ROADWAY","COLLISION WITH MOTOR VEHICLE IN TRAFFIC","DARK - LIGHTED ROADWAY","SNOW","OTHER","STOP SIGNS","YES","SNOW","FOUR WAY INTERSECTION","TWO-WAY, DIVIDED, UNPROTECTED MEDIAN","INTERSECTION","EASTBOUND","SOUTHBOUND","EASTBOUND",1,0,"TRAVELING STRAIGHT AHEAD","1","CENTER FRONT",0,1,0,"SLOWING OR STOPPED IN TRAFFIC","2","RIGHT FRONT",0,1,"D, CLASS D VEHICLES",1,"OPERATOR/DRIVER",1,"D, CLASS D VEHICLES",1,0,0,0,0,1,0,0,0,1,0,0,0,0
"236",2016,2,26,17,"FEMALE","FEMALE","Friday","ANGLE","ROADWAY","COLLISION WITH MOTOR VEHICLE IN TRAFFIC","DAYLIGHT","CLEAR","CLEAR","NO CONTROLS","YES","DRY","NOT AT INTERSECTION","TWO-WAY, NOT DIVIDED","NON INTERSECTION","EASTBOUND","NORTHBOUND","SOUTHBOUND",1,0,"TURNING LEFT","1","RIGHT FRONT",0,1,0,"TRAVELING STRAIGHT AHEAD","2","CENTER FRONT",0,1,"D, CLASS D VEHICLES",0,"OPERATOR/DRIVER",1,"D, CLASS D VEHICLES",1,1,1,1,1,1,1,1,1,0,0,1,0,1
"237",2015,5,20,19,"MALE","MALE","Wednesday","REAR TO REAR","ROADWAY","COLLISION WITH PARKED MOTOR VEHICLE","DAYLIGHT","CLEAR","CLEAR","NO CONTROLS","NO","DRY","NOT AT INTERSECTION","TWO-WAY, NOT DIVIDED","NON INTERSECTION","EASTBOUND","NORTHBOUND","EASTBOUND",1,0,"PARKED","1","LEFT REAR",1,1,1,"BACKING","1","OTHER",1,1,"D, CLASS D VEHICLES",1,"OPERATOR/DRIVER",1,"D, CLASS D VEHICLES",1,0,0,0,0,0,1,1,1,1,0,0,0,0
"238",2015,2,13,23,"MALE","FEMALE","Friday","ANGLE","ROADWAY","COLLISION WITH MOTOR VEHICLE IN TRAFFIC","DARK - LIGHTED ROADWAY","CLEAR","CLEAR","STOP SIGNS","YES","OTHER","OTHER","ONE-WAY, NOT DIVIDED","INTERSECTION","SOUTHBOUND","EASTBOUND","EASTBOUND",1,0,"TRAVELING STRAIGHT AHEAD","2","CENTER FRONT",0,1,0,"TRAVELING STRAIGHT AHEAD","more_than2","RIGHT FRONT",0,0,"D, CLASS D VEHICLES",1,"OCCUPANT/PASSENGER",0,"D, CLASS D VEHICLES",0,0,0,1,0,0,0,0,0,1,0,1,0,1
"239",2015,7,7,8,"MALE","FEMALE","Tuesday","ANGLE","ROADWAY","COLLISION WITH MOTOR VEHICLE IN TRAFFIC","DAYLIGHT","CLOUDY","CLEAR","NO CONTROLS","NO","DRY","T-INTERSECTION","TWO-WAY, DIVIDED, UNPROTECTED MEDIAN","INTERSECTION","NORTHBOUND","EASTBOUND","EASTBOUND",1,0,"TRAVELING STRAIGHT AHEAD","2","LEFT SIDE",0,1,0,"ENTERING TRAFFIC LANE","1","RIGHT FRONT",1,1,"D, CLASS D VEHICLES",1,"OCCUPANT/PASSENGER",1,"D, CLASS D VEHICLES",0,0,0,1,0,0,0,0,0,1,0,1,0,1
"240",2015,7,20,18,"MALE","FEMALE","Monday","REAR-END","ROADWAY","COLLISION WITH MOTOR VEHICLE IN TRAFFIC","DAYLIGHT","CLEAR","CLEAR","NO CONTROLS","YES","DRY","NOT AT INTERSECTION","TWO-WAY, NOT DIVIDED","NON INTERSECTION","EASTBOUND","NORTHBOUND","EASTBOUND",1,0,"TRAVELING STRAIGHT AHEAD","1","REAR CENTER",0,0,0,"TRAVELING STRAIGHT AHEAD","1","CENTER FRONT",0,0,"D, CLASS D VEHICLES",0,"OPERATOR/DRIVER",1,"D, CLASS D VEHICLES",0,0,0,1,0,0,0,0,1,0,0,0,0,0
"241",2015,5,6,2,"FEMALE","FEMALE","Wednesday","SIDESWIPE, SAME DIRECTION","UNKNOWN","COLLISION WITH PARKED MOTOR VEHICLE","DARK - LIGHTED ROADWAY","CLEAR","CLEAR","NO CONTROLS","NO","DRY","NOT AT INTERSECTION","ONE-WAY, NOT DIVIDED","NON INTERSECTION","EASTBOUND","NORTHBOUND","NORTHBOUND",1,0,"TRAVELING STRAIGHT AHEAD","1","OTHER",0,1,0,"PARKED","0","RIGHT SIDE",1,1,"D, CLASS D VEHICLES",1,"UNINVOLVED OWNER",1,"D, CLASS D VEHICLES",1,0,0,0,0,0,0,1,1,0,0,0,1,0
"242",2015,7,10,12,"FEMALE","FEMALE","Friday","HEAD ON","ROADWAY","COLLISION WITH MOTOR VEHICLE IN TRAFFIC","DAYLIGHT","CLEAR","CLEAR","STOP SIGNS","YES","DRY","FOUR WAY INTERSECTION","TWO-WAY, NOT DIVIDED","INTERSECTION","WESTBOUND","NORTHBOUND","EASTBOUND",0,0,"TRAVELING STRAIGHT AHEAD","1","LEFT FRONT",0,0,0,"TRAVELING STRAIGHT AHEAD","1","RIGHT FRONT",0,0,"D, CLASS D VEHICLES",1,"OPERATOR/DRIVER",0,"D, CLASS D VEHICLES",1,1,1,1,0,0,0,0,0,1,0,0,0,0
"243",2016,6,4,13,"MALE","MALE","Saturday","ANGLE","ROADWAY","COLLISION WITH MOTOR VEHICLE IN TRAFFIC","DAYLIGHT","CLEAR","CLOUDY","STOP SIGNS","NO","DRY","FOUR WAY INTERSECTION","TWO-WAY, DIVIDED, UNPROTECTED MEDIAN","INTERSECTION","NORTHBOUND","EASTBOUND","EASTBOUND",1,0,"TRAVELING STRAIGHT AHEAD","2","LEFT SIDE",0,1,0,"TRAVELING STRAIGHT AHEAD","1","RIGHT FRONT",0,1,"D, CLASS D VEHICLES",0,"OPERATOR/DRIVER",1,"D, CLASS D VEHICLES",1,0,0,0,0,0,0,0,0,1,0,0,0,0
"244",2015,2,24,9,"FEMALE","FEMALE","Tuesday","ANGLE","ROADWAY","COLLISION WITH MOTOR VEHICLE IN TRAFFIC","DAYLIGHT","CLOUDY","CLEAR","STOP SIGNS","YES","WET","FOUR WAY INTERSECTION","ONE-WAY, NOT DIVIDED","INTERSECTION","EASTBOUND","NORTHBOUND","EASTBOUND",1,0,"SLOWING OR STOPPED IN TRAFFIC","1","LEFT FRONT",0,1,0,"TRAVELING STRAIGHT AHEAD","1","RIGHT FRONT",0,1,"D, CLASS D VEHICLES",1,"OPERATOR/DRIVER",1,"D, CLASS D VEHICLES",1,0,0,1,0,1,0,1,1,1,0,0,0,0
"245",2015,8,13,22,"MALE","FEMALE","Thursday","SIDESWIPE, SAME DIRECTION","ROADWAY","COLLISION WITH MOTOR VEHICLE IN TRAFFIC","DARK - LIGHTED ROADWAY","CLEAR","CLEAR","NO CONTROLS","YES","DRY","NOT AT INTERSECTION","ONE-WAY, NOT DIVIDED","NON INTERSECTION","EASTBOUND","NORTHBOUND","EASTBOUND",1,0,"BACKING","1","RIGHT SIDE",1,1,0,"PARKED","0","LEFT REAR",1,1,"D, CLASS D VEHICLES",1,"UNINVOLVED OWNER",1,"D, CLASS D VEHICLES",1,0,1,1,1,1,0,1,1,0,0,1,0,1
"246",2016,2,16,19,"MALE","FEMALE","Tuesday","REAR-END","ROADWAY","COLLISION WITH MOTOR VEHICLE IN TRAFFIC","DARK - LIGHTED ROADWAY","RAIN","CLEAR","TRAFFIC CONTROL SIGNAL","YES","WET","NOT AT INTERSECTION","TWO-WAY, NOT DIVIDED","NON INTERSECTION","EASTBOUND","NORTHBOUND","NORTHBOUND",1,0,"SLOWING OR STOPPED IN TRAFFIC","1","REAR CENTER",0,0,0,"TRAVELING STRAIGHT AHEAD",NA,"CENTER FRONT",0,1,"OTHER",0,"OPERATOR/DRIVER",0,"D, CLASS D VEHICLES",0,1,1,1,0,0,0,1,1,0,0,0,0,1