"","year","month","day","hour","P1.Sex","P2.Sex","Day.of.Week","Manner.of.Collision","First.Harmful.Event.Location","First.Harmful.Event","Ambient.Light","Weather.Condition.1","Weather.Condition.2","Traffic.Control.Device.Type","Traffic.Control.Device.Functionality","Road.Surface.Condition","Roadway.Junction.Type","Trafficway.Description","Street.or.Intersection","Intersection.Direction.1","Intersection.Direction.2","Street.Direction","v1.State.Code","V1.Hit.and.Run","V1.Action.Prior.to.Crash","V1.Occupant.Count","V1.Most.Damaged.Area","V1.Travel.Direction","V2.State.Code","V2.Hit.and.Run","V2.Action.Prior.to.Crash","V2.Occupant.Count","V2.Most.Damaged.Area","V2.Travel.Direction","P1.Drivers.Lic.State","P1.Drivers.Lic.Class.1","P1.Veh.Owner","P2.Role","P2.Drivers.Lic.State","P2.Drivers.Lic.Class.1","P2.Veh.Owner","First.Harmful.Event.LocationNA","First.Harmful.EventNA","Weather.Condition.2NA","Traffic.Control.Device.TypeNA","Traffic.Control.Device.FunctionalityNA","Trafficway.DescriptionNA","Intersection.Direction.1NA","Intersection.Direction.2NA","Street.DirectionNA","P1.Drivers.Lic.StateNA","P1.Drivers.Lic.Class.1NA","P2.Drivers.Lic.StateNA","P2.Drivers.Lic.Class.1NA"
"861",2018,5,25,6,"MALE","MALE","Friday","HEAD ON","ROADWAY","COLLISION WITH PARKED MOTOR VEHICLE","DAYLIGHT","CLEAR","CLEAR","NO CONTROLS","YES","DRY","NOT AT INTERSECTION","ONE-WAY, NOT DIVIDED","NON INTERSECTION","EASTBOUND","NORTHBOUND","EASTBOUND",1,0,"TRAVELING STRAIGHT AHEAD","1","RIGHT FRONT",0,1,1,"PARKED","0","LEFT REAR",1,1,"D, CLASS D VEHICLES",1,"UNINVOLVED OWNER",1,"D, CLASS D VEHICLES",1,0,0,0,0,0,0,1,1,0,0,0,0,0
"862",2019,4,17,16,"MALE","MALE","Wednesday","SIDESWIPE, OPPOSITE DIRECTION","ROADSIDE","COLLISION WITH PARKED MOTOR VEHICLE","DAYLIGHT","CLEAR","CLEAR","NO CONTROLS","YES","DRY","NOT AT INTERSECTION","TWO-WAY, NOT DIVIDED","NON INTERSECTION","EASTBOUND","NORTHBOUND","SOUTHBOUND",1,0,"TURNING RIGHT","1","RIGHT REAR",0,0,0,"PARKED","1","RIGHT FRONT",0,0,"D, CLASS D VEHICLES",0,"OPERATOR/DRIVER",0,"D, CLASS D VEHICLES",0,0,0,1,0,1,0,1,1,0,0,0,0,0
"863",2018,11,11,16,"MALE","FEMALE","Sunday","REAR TO REAR","OUTSIDE ROADWAY","COLLISION WITH PARKED MOTOR VEHICLE","DARK - LIGHTED ROADWAY","CLEAR","CLEAR","NO CONTROLS","YES","DRY","NOT AT INTERSECTION","UNKNOWN","NON INTERSECTION","EASTBOUND","NORTHBOUND","SOUTHBOUND",1,0,"BACKING","2","OTHER",1,1,0,"PARKED","0","LEFT FRONT",1,1,"D, CLASS D VEHICLES",0,"UNINVOLVED OWNER",1,"D, CLASS D VEHICLES",1,0,0,1,0,0,0,1,1,0,0,0,0,0
"864",2019,3,21,18,"FEMALE","FEMALE","Thursday","SIDESWIPE, SAME DIRECTION","ROADWAY","COLLISION WITH MOTOR VEHICLE IN TRAFFIC","DAYLIGHT","CLEAR","CLEAR","NO CONTROLS","YES","DRY","NOT AT INTERSECTION","ONE-WAY, NOT DIVIDED","NON INTERSECTION","EASTBOUND","NORTHBOUND","WESTBOUND",1,1,"SLOWING OR STOPPED IN TRAFFIC","2","LEFT SIDE",0,1,1,"OTHER","1","OTHER",0,1,"D, CLASS D VEHICLES",0,"OPERATOR/DRIVER",1,"D, CLASS D VEHICLES",0,0,0,1,0,1,0,1,1,0,0,0,0,0
"865",2018,6,20,8,"MALE","MALE","Wednesday","ANGLE","ROADWAY","COLLISION WITH MOTOR VEHICLE IN TRAFFIC","DAYLIGHT","CLEAR","CLEAR","STOP SIGNS","YES","DRY","FOUR WAY INTERSECTION","ONE-WAY, NOT DIVIDED","INTERSECTION","WESTBOUND","NORTHBOUND","EASTBOUND",1,0,"TRAVELING STRAIGHT AHEAD","1","RIGHT FRONT",0,0,0,"ENTERING TRAFFIC LANE","1","RIGHT FRONT",0,1,"D, CLASS D VEHICLES",0,"OPERATOR/DRIVER",0,"D, CLASS D VEHICLES",1,0,0,1,0,0,0,0,0,1,0,0,0,0
"866",2018,7,8,3,"FEMALE","MALE","Sunday","SIDESWIPE, SAME DIRECTION","ROADWAY","COLLISION WITH PARKED MOTOR VEHICLE","DARK - LIGHTED ROADWAY","CLEAR","CLEAR","NO CONTROLS","YES","DRY","NOT AT INTERSECTION","ONE-WAY, NOT DIVIDED","NON INTERSECTION","EASTBOUND","NORTHBOUND","EASTBOUND",1,0,"TRAVELING STRAIGHT AHEAD","1","LEFT FRONT",0,1,0,"PARKED","0","RIGHT REAR",0,1,"D, CLASS D VEHICLES",1,"UNINVOLVED OWNER",1,"D, CLASS D VEHICLES",1,0,0,1,0,1,0,1,1,0,0,0,0,0
"867",2019,2,26,9,"FEMALE","MALE","Tuesday","ANGLE","ROADWAY","COLLISION WITH MOTOR VEHICLE IN TRAFFIC","DAYLIGHT","CLEAR","CLEAR","NO CONTROLS","YES","OTHER","NOT AT INTERSECTION","TWO-WAY, DIVIDED, UNPROTECTED MEDIAN","NON INTERSECTION","EASTBOUND","NORTHBOUND","NORTHBOUND",0,0,"TRAVELING STRAIGHT AHEAD","1","RIGHT FRONT",0,1,0,"TURNING LEFT","1","LEFT FRONT",0,0,"D, CLASS D VEHICLES",0,"OPERATOR/DRIVER",1,"D, CLASS D VEHICLES",1,0,0,1,0,1,0,1,1,0,0,0,0,0
"868",2018,8,26,21,"MALE","MALE","Sunday","REAR-END","ROADWAY","COLLISION WITH MOTOR VEHICLE IN TRAFFIC","DARK - LIGHTED ROADWAY","CLEAR","CLEAR","TRAFFIC CONTROL SIGNAL","YES","DRY","T-INTERSECTION","TWO-WAY, DIVIDED, POSITIVE MEDIAN BARRIER","INTERSECTION","NORTHBOUND","WESTBOUND","EASTBOUND",1,0,"TRAVELING STRAIGHT AHEAD","1","CENTER FRONT",0,1,0,"SLOWING OR STOPPED IN TRAFFIC","1","RIGHT REAR",0,1,"D, CLASS D VEHICLES",0,"OPERATOR/DRIVER",1,"D, CLASS D VEHICLES",0,0,0,1,0,0,0,0,0,1,0,0,0,0
"869",2018,8,9,22,"MALE","FEMALE","Thursday","ANGLE","OUTSIDE ROADWAY","COLLISION WITH MOTOR VEHICLE IN TRAFFIC","DUSK","CLEAR","CLEAR","NO CONTROLS","YES","DRY","NOT AT INTERSECTION","UNKNOWN","NON INTERSECTION","EASTBOUND","NORTHBOUND","EASTBOUND",1,0,"OTHER","1","LEFT SIDE",0,1,1,"BACKING","1","OTHER",0,1,"D, CLASS D VEHICLES",0,"OPERATOR/DRIVER",1,"D, CLASS D VEHICLES",0,0,0,1,0,1,0,1,1,0,0,0,0,0
"870",2018,4,6,12,"MALE","MALE","Friday","ANGLE","ROADWAY","COLLISION WITH MOTOR VEHICLE IN TRAFFIC","DAYLIGHT","CLEAR","CLEAR","STOP SIGNS","YES","DRY","T-INTERSECTION","ONE-WAY, NOT DIVIDED","INTERSECTION","NORTHBOUND","WESTBOUND","EASTBOUND",0,0,"TRAVELING STRAIGHT AHEAD","1","RIGHT FRONT",0,1,0,"TRAVELING STRAIGHT AHEAD","1","LEFT FRONT",0,0,"D, CLASS D VEHICLES",0,"OPERATOR/DRIVER",1,"D, CLASS D VEHICLES",1,0,0,1,0,0,0,0,0,1,0,0,0,0
"871",2018,5,20,17,"FEMALE","MALE","Sunday","UNKNOWN","ROADWAY","COLLISION WITH PARKED MOTOR VEHICLE","DAYLIGHT","CLOUDY","CLEAR","NO CONTROLS","NO","WET","T-INTERSECTION","TWO-WAY, NOT DIVIDED","INTERSECTION","NORTHBOUND","WESTBOUND","EASTBOUND",1,0,"BACKING","1","RIGHT REAR",0,1,0,"PARKED","0","LEFT FRONT",0,0,"D, CLASS D VEHICLES",1,"UNINVOLVED OWNER",1,"D, CLASS D VEHICLES",1,0,0,1,0,0,0,0,0,1,0,0,0,0
"872",2018,3,12,17,"FEMALE","FEMALE","Monday","ANGLE","ROADWAY","COLLISION WITH MOTOR VEHICLE IN TRAFFIC","DAYLIGHT","CLEAR","CLEAR","OTHER","YES","DRY","NOT AT INTERSECTION","UNKNOWN","NON INTERSECTION","EASTBOUND","NORTHBOUND","SOUTHBOUND",1,0,"TRAVELING STRAIGHT AHEAD","1","LEFT REAR",0,1,1,"OTHER","1","RIGHT FRONT",0,1,"D, CLASS D VEHICLES",0,"UNINVOLVED OWNER",1,"D, CLASS D VEHICLES",0,0,0,1,0,1,0,1,1,0,0,0,1,1
"873",2018,12,13,11,"MALE","FEMALE","Thursday","ANGLE","ROADWAY","COLLISION WITH MOTOR VEHICLE IN TRAFFIC","DAYLIGHT","CLEAR","CLEAR","TRAFFIC CONTROL SIGNAL","YES","DRY","FOUR WAY INTERSECTION","TWO-WAY, DIVIDED, UNPROTECTED MEDIAN","INTERSECTION","NORTHBOUND","WESTBOUND","EASTBOUND",1,0,"TRAVELING STRAIGHT AHEAD","1","RIGHT FRONT",0,1,0,"TRAVELING STRAIGHT AHEAD","1","LEFT FRONT",0,1,"D, CLASS D VEHICLES",0,"OPERATOR/DRIVER",1,"D, CLASS D VEHICLES",1,0,0,1,0,0,0,0,0,1,0,0,0,0
"874",2018,10,24,17,"MALE","FEMALE","Wednesday","ANGLE","ROADWAY","COLLISION WITH MOTOR VEHICLE IN TRAFFIC","DAYLIGHT","CLEAR","CLEAR","STOP SIGNS","YES","WET","FOUR WAY INTERSECTION","TWO-WAY, NOT DIVIDED","INTERSECTION","NORTHBOUND","WESTBOUND","EASTBOUND",1,0,"TRAVELING STRAIGHT AHEAD","1","RIGHT SIDE",0,0,0,"TRAVELING STRAIGHT AHEAD","1","CENTER FRONT",0,1,"D, CLASS D VEHICLES",1,"OPERATOR/DRIVER",0,"D, CLASS D VEHICLES",1,0,0,1,0,0,0,0,0,1,0,0,0,0
"875",2019,2,7,11,"MALE","MALE","Thursday","ANGLE","ROADWAY","COLLISION WITH MOTOR VEHICLE IN TRAFFIC","DAYLIGHT","CLEAR","CLEAR","TRAFFIC CONTROL SIGNAL","YES","WET","T-INTERSECTION","TWO-WAY, DIVIDED, POSITIVE MEDIAN BARRIER","INTERSECTION","SOUTHBOUND","WESTBOUND","EASTBOUND",1,0,"TURNING LEFT","1","RIGHT FRONT",0,1,0,"TRAVELING STRAIGHT AHEAD","1","CENTER FRONT",0,1,"D, CLASS D VEHICLES",1,"OPERATOR/DRIVER",1,"D, CLASS D VEHICLES",1,0,0,0,0,0,0,0,0,1,0,0,0,0
"876",2019,2,8,18,"MALE","MALE","Friday","REAR-END","ROADWAY","COLLISION WITH MOTOR VEHICLE IN TRAFFIC","DARK - LIGHTED ROADWAY","CLEAR","CLEAR","NO CONTROLS","YES","DRY","NOT AT INTERSECTION","TWO-WAY, NOT DIVIDED","NON INTERSECTION","EASTBOUND","NORTHBOUND","NORTHBOUND",0,0,"TRAVELING STRAIGHT AHEAD","1","CENTER FRONT",0,1,0,"SLOWING OR STOPPED IN TRAFFIC","1","REAR CENTER",0,0,"UNKNOWN",0,"OPERATOR/DRIVER",1,"D, CLASS D VEHICLES",1,0,0,1,0,1,0,1,1,0,0,0,0,0
"877",2018,8,7,17,"FEMALE","MALE","Tuesday","REAR-END","ROADWAY","COLLISION WITH MOTOR VEHICLE IN TRAFFIC","DAYLIGHT","CLEAR","CLEAR","TRAFFIC CONTROL SIGNAL","YES","DRY","T-INTERSECTION","TWO-WAY, DIVIDED, POSITIVE MEDIAN BARRIER","NON INTERSECTION","EASTBOUND","NORTHBOUND","NORTHBOUND",1,0,"TRAVELING STRAIGHT AHEAD","1","OTHER",0,1,0,"SLOWING OR STOPPED IN TRAFFIC","2","REAR CENTER",0,1,"D, CLASS D VEHICLES",1,"OPERATOR/DRIVER",1,"D, CLASS D VEHICLES",0,0,0,1,0,0,0,1,1,0,0,0,0,0
"878",2018,9,27,16,"FEMALE","MALE","Thursday","ANGLE","ROADWAY","COLLISION WITH MOTOR VEHICLE IN TRAFFIC","DAYLIGHT","CLEAR","CLEAR","NO CONTROLS","NO","DRY","FOUR WAY INTERSECTION","TWO-WAY, NOT DIVIDED","INTERSECTION","EASTBOUND","EASTBOUND","EASTBOUND",1,1,"TRAVELING STRAIGHT AHEAD","1","LEFT FRONT",0,1,0,"TURNING LEFT","1","RIGHT FRONT",0,1,"D, CLASS D VEHICLES",1,"OPERATOR/DRIVER",1,"D, CLASS D VEHICLES",1,0,0,1,0,0,0,0,0,1,0,0,0,0
"879",2019,1,11,17,"FEMALE","MALE","Friday","ANGLE","ROADWAY","COLLISION WITH MOTOR VEHICLE IN TRAFFIC","DARK - LIGHTED ROADWAY","CLEAR","CLEAR","STOP SIGNS","YES","UNKNOWN","FOUR WAY INTERSECTION","TWO-WAY, NOT DIVIDED","INTERSECTION","EASTBOUND","SOUTHBOUND","EASTBOUND",0,0,"TRAVELING STRAIGHT AHEAD","more_than2","CENTER FRONT",0,1,0,"TRAVELING STRAIGHT AHEAD","1","RIGHT FRONT",0,0,"OTHER",1,"OPERATOR/DRIVER",1,"D, CLASS D VEHICLES",1,0,0,1,0,0,0,0,0,1,0,0,0,0
"880",2018,2,17,17,"MALE","FEMALE","Saturday","ANGLE","ROADWAY","COLLISION WITH MOTOR VEHICLE IN TRAFFIC","DARK - LIGHTED ROADWAY","CLEAR","CLEAR","STOP SIGNS","YES","DRY","FOUR WAY INTERSECTION","TWO-WAY, NOT DIVIDED","INTERSECTION","EASTBOUND","SOUTHBOUND","EASTBOUND",1,0,"TRAVELING STRAIGHT AHEAD","1","CENTER FRONT",0,1,0,"TRAVELING STRAIGHT AHEAD","more_than2","RIGHT FRONT",0,1,"OTHER",1,"OPERATOR/DRIVER",1,"D, CLASS D VEHICLES",1,0,0,1,0,1,0,0,0,1,0,0,0,0
"881",2017,11,23,0,"MALE","FEMALE","Thursday","REAR-END","ROADWAY","COLLISION WITH MOTOR VEHICLE IN TRAFFIC","DARK - LIGHTED ROADWAY","CLEAR","CLEAR","TRAFFIC CONTROL SIGNAL","YES","DRY","FOUR WAY INTERSECTION","TWO-WAY, NOT DIVIDED","INTERSECTION","EASTBOUND","NORTHBOUND","EASTBOUND",1,0,"TRAVELING STRAIGHT AHEAD","1","LEFT REAR",0,1,0,"TRAVELING STRAIGHT AHEAD","1","RIGHT FRONT",0,1,"D, CLASS D VEHICLES",0,"OPERATOR/DRIVER",1,"D, CLASS D VEHICLES",0,0,0,1,0,0,0,0,0,1,0,0,0,0
"882",2018,9,8,14,"MALE","FEMALE","Saturday","REAR-END","ROADSIDE","COLLISION WITH PARKED MOTOR VEHICLE","DAYLIGHT","CLEAR","CLEAR","TRAFFIC CONTROL SIGNAL","YES","DRY","NOT AT INTERSECTION","TWO-WAY, DIVIDED, UNPROTECTED MEDIAN","NON INTERSECTION","EASTBOUND","NORTHBOUND","EASTBOUND",1,0,"TRAVELING STRAIGHT AHEAD","1","CENTER FRONT",0,1,0,"PARKED","0","CENTER FRONT",1,1,"D, CLASS D VEHICLES",1,"UNINVOLVED OWNER",1,"D, CLASS D VEHICLES",1,0,0,1,0,0,0,1,1,0,0,0,0,0
"883",2018,9,4,10,"MALE","MALE","Tuesday","REAR-END","ROADWAY","OTHER","DAYLIGHT","CLEAR","CLEAR","NO CONTROLS","NO","DRY","NOT AT INTERSECTION","TWO-WAY, DIVIDED, UNPROTECTED MEDIAN","NON INTERSECTION","EASTBOUND","NORTHBOUND","SOUTHBOUND",1,0,"TRAVELING STRAIGHT AHEAD","1","LEFT REAR",0,1,0,"TRAVELING STRAIGHT AHEAD","1","OTHER",0,1,"D, CLASS D VEHICLES",0,"OPERATOR/DRIVER",1,"D, CLASS D VEHICLES",1,0,0,1,0,0,0,1,1,0,0,0,0,0
"884",2018,10,27,23,"MALE","MALE","Saturday","ANGLE","ROADWAY","COLLISION WITH MOTOR VEHICLE IN TRAFFIC","DARK - LIGHTED ROADWAY","RAIN","CLEAR","STOP SIGNS","YES","WET","FOUR WAY INTERSECTION","TWO-WAY, NOT DIVIDED","INTERSECTION","SOUTHBOUND","WESTBOUND","EASTBOUND",1,0,"TURNING LEFT","more_than2","LEFT SIDE",0,1,0,"TRAVELING STRAIGHT AHEAD","1","LEFT FRONT",0,1,"D, CLASS D VEHICLES",0,"OCCUPANT/PASSENGER",1,"D, CLASS D VEHICLES",1,0,0,1,0,0,0,0,0,1,0,0,0,0
"885",2017,12,12,20,"MALE","FEMALE","Tuesday","ANGLE","ROADWAY","COLLISION WITH MOTOR VEHICLE IN TRAFFIC","DARK - LIGHTED ROADWAY","RAIN","CLEAR","STOP SIGNS","YES","WET","FOUR WAY INTERSECTION","TWO-WAY, NOT DIVIDED","INTERSECTION","NORTHBOUND","EASTBOUND","EASTBOUND",1,0,"TRAVELING STRAIGHT AHEAD","1","RIGHT FRONT",0,1,0,"TRAVELING STRAIGHT AHEAD","2","LEFT SIDE",0,1,"D, CLASS D VEHICLES",1,"OCCUPANT/PASSENGER",1,"UNKNOWN",0,0,0,1,0,0,0,0,0,1,0,0,1,0
"886",2019,4,3,20,"MALE","FEMALE","Wednesday","REAR-END","ROADWAY","COLLISION WITH MOTOR VEHICLE IN TRAFFIC","DAYLIGHT","CLEAR","CLEAR","NO CONTROLS","NO","DRY","NOT AT INTERSECTION","ONE-WAY, NOT DIVIDED","NON INTERSECTION","EASTBOUND","NORTHBOUND","NORTHBOUND",1,0,"SLOWING OR STOPPED IN TRAFFIC","1","CENTER FRONT",0,1,1,"BACKING","1","REAR CENTER",1,1,"OTHER",1,"OPERATOR/DRIVER",1,"UNKNOWN",1,0,0,0,0,0,0,1,1,0,0,0,1,0
"887",2018,1,6,19,"MALE","FEMALE","Saturday","HEAD ON","ROADWAY","OTHER","DARK - LIGHTED ROADWAY","SNOW","CLEAR","NO CONTROLS","NO","SNOW","NOT AT INTERSECTION","TWO-WAY, NOT DIVIDED","NON INTERSECTION","EASTBOUND","NORTHBOUND","WESTBOUND",1,1,"TRAVELING STRAIGHT AHEAD","1","LEFT SIDE",0,1,1,"TRAVELING STRAIGHT AHEAD","1","OTHER",0,1,"D, CLASS D VEHICLES",1,"OPERATOR/DRIVER",1,"D, CLASS D VEHICLES",1,0,0,1,0,0,0,1,1,0,0,0,0,0
"888",2018,10,11,21,"MALE","MALE","Thursday","SIDESWIPE, SAME DIRECTION","ROADWAY","COLLISION WITH MOTOR VEHICLE IN TRAFFIC","DARK - LIGHTED ROADWAY","RAIN","CLEAR","TRAFFIC CONTROL SIGNAL","YES","WET","NOT AT INTERSECTION","TWO-WAY, NOT DIVIDED","NON INTERSECTION","EASTBOUND","NORTHBOUND","EASTBOUND",1,0,"ENTERING TRAFFIC LANE","1","OTHER",0,1,0,"TRAVELING STRAIGHT AHEAD","2","LEFT SIDE",0,1,"D, CLASS D VEHICLES",1,"OPERATOR/DRIVER",1,"D, CLASS D VEHICLES",1,0,0,1,0,0,0,1,1,0,0,0,0,0
"889",2018,5,31,12,"FEMALE","MALE","Thursday","REAR-END","ROADWAY","COLLISION WITH MOTOR VEHICLE IN TRAFFIC","DAYLIGHT","CLEAR","CLEAR","NO CONTROLS","YES","DRY","T-INTERSECTION","ONE-WAY, NOT DIVIDED","INTERSECTION","NORTHBOUND","WESTBOUND","EASTBOUND",1,0,"SLOWING OR STOPPED IN TRAFFIC","1","REAR CENTER",0,0,0,"TRAVELING STRAIGHT AHEAD","1","CENTER FRONT",0,1,"D, CLASS D VEHICLES",0,"UNINVOLVED OWNER",1,"D, CLASS D VEHICLES",1,0,0,1,0,1,0,0,0,1,0,0,0,1
"890",2018,9,18,21,"MALE","FEMALE","Tuesday","ANGLE","ROADWAY","COLLISION WITH MOTOR VEHICLE IN TRAFFIC","DAYLIGHT","CLOUDY","CLEAR","STOP SIGNS","YES","DRY","FOUR WAY INTERSECTION","TWO-WAY, DIVIDED, UNPROTECTED MEDIAN","INTERSECTION","SOUTHBOUND","EASTBOUND","EASTBOUND",1,0,"TRAVELING STRAIGHT AHEAD","1","LEFT REAR",0,1,0,"TRAVELING STRAIGHT AHEAD","1","LEFT SIDE",0,1,"D, CLASS D VEHICLES",1,"OPERATOR/DRIVER",1,"D, CLASS D VEHICLES",1,0,0,1,0,0,0,0,0,1,0,0,0,0
"891",2018,4,2,21,"MALE","MALE","Monday","REAR-END","ROADWAY","COLLISION WITH MOTOR VEHICLE IN TRAFFIC","DARK - LIGHTED ROADWAY","CLEAR","CLEAR","TRAFFIC CONTROL SIGNAL","YES","DRY","T-INTERSECTION","TWO-WAY, NOT DIVIDED","INTERSECTION","EASTBOUND","NORTHBOUND","EASTBOUND",1,0,"SLOWING OR STOPPED IN TRAFFIC","2","RIGHT REAR",0,1,0,"TRAVELING STRAIGHT AHEAD","1","CENTER FRONT",0,1,"D, CLASS D VEHICLES",1,"OCCUPANT/PASSENGER",1,"D, CLASS D VEHICLES",0,0,0,0,0,0,0,0,0,1,0,0,1,1
"892",2018,3,29,16,"FEMALE","FEMALE","Thursday","UNKNOWN","UNKNOWN","COLLISION WITH MOTOR VEHICLE IN TRAFFIC","DAYLIGHT","CLEAR","CLEAR","NO CONTROLS","NO","DRY","NOT AT INTERSECTION","TWO-WAY, NOT DIVIDED","NON INTERSECTION","EASTBOUND","NORTHBOUND","SOUTHBOUND",0,0,"TRAVELING STRAIGHT AHEAD","1","LEFT FRONT",0,1,0,"TRAVELING STRAIGHT AHEAD","1","RIGHT FRONT",0,0,"UNKNOWN",1,"OPERATOR/DRIVER",0,"D, CLASS D VEHICLES",0,0,0,0,0,0,0,1,1,0,0,0,0,0
"893",2018,12,14,22,"FEMALE","MALE","Friday","SIDESWIPE, SAME DIRECTION","ROADWAY","COLLISION WITH MOTOR VEHICLE IN TRAFFIC","DARK - LIGHTED ROADWAY","CLEAR","CLEAR","TRAFFIC CONTROL SIGNAL","YES","DRY","T-INTERSECTION","TWO-WAY, DIVIDED, UNPROTECTED MEDIAN","INTERSECTION","SOUTHBOUND","EASTBOUND","EASTBOUND",0,1,"TRAVELING STRAIGHT AHEAD","2","RIGHT FRONT",0,1,0,"OTHER","1","RIGHT REAR",0,0,"D, CLASS D VEHICLES",1,"OPERATOR/DRIVER",0,"D, CLASS D VEHICLES",1,0,0,1,0,0,0,0,0,1,0,0,0,0
"894",2018,7,28,6,"MALE","FEMALE","Saturday","SIDESWIPE, SAME DIRECTION","ROADWAY","COLLISION WITH PARKED MOTOR VEHICLE","UNKNOWN","CLEAR","CLEAR","NO CONTROLS","YES","UNKNOWN","NOT AT INTERSECTION","ONE-WAY, NOT DIVIDED","NON INTERSECTION","EASTBOUND","NORTHBOUND","WESTBOUND",1,0,"TRAVELING STRAIGHT AHEAD","2","RIGHT FRONT",0,1,0,"PARKED","0","LEFT SIDE",1,1,"D, CLASS D VEHICLES",1,"OCCUPANT/PASSENGER",1,"D, CLASS D VEHICLES",0,0,0,1,0,1,0,1,1,0,0,0,1,1
"895",2018,9,11,22,"MALE","MALE","Tuesday","ANGLE","ROADWAY","COLLISION WITH MOTOR VEHICLE IN TRAFFIC","DUSK","CLOUDY","RAIN","NO CONTROLS","YES","WET","NOT AT INTERSECTION","ONE-WAY, NOT DIVIDED","NON INTERSECTION","EASTBOUND","NORTHBOUND","WESTBOUND",1,0,"TRAVELING STRAIGHT AHEAD","1","RIGHT SIDE",0,1,0,"OTHER","1","LEFT SIDE",0,1,"D, CLASS D VEHICLES",1,"OPERATOR/DRIVER",1,"D, CLASS D VEHICLES",0,0,0,0,0,1,0,1,1,0,0,0,0,0
"896",2017,12,5,12,"MALE","MALE","Tuesday","ANGLE","ROADWAY","COLLISION WITH MOTOR VEHICLE IN TRAFFIC","DAYLIGHT","CLOUDY","CLEAR","NO CONTROLS","YES","DRY","T-INTERSECTION","TWO-WAY, NOT DIVIDED","INTERSECTION","NORTHBOUND","WESTBOUND","EASTBOUND",0,0,"TRAVELING STRAIGHT AHEAD","2","LEFT FRONT",0,1,0,"TRAVELING STRAIGHT AHEAD","1","CENTER FRONT",0,0,"D, CLASS D VEHICLES",0,"OCCUPANT/PASSENGER",1,"D, CLASS D VEHICLES",0,0,0,1,0,1,0,0,0,1,0,0,1,1
"897",2018,9,10,17,"MALE","MALE","Monday","ANGLE","ROADWAY","COLLISION WITH MOTOR VEHICLE IN TRAFFIC","DAYLIGHT","RAIN","CLEAR","NO CONTROLS","YES","WET","NOT AT INTERSECTION","TWO-WAY, DIVIDED, POSITIVE MEDIAN BARRIER","NON INTERSECTION","EASTBOUND","NORTHBOUND","NORTHBOUND",1,0,"TRAVELING STRAIGHT AHEAD","1","LEFT FRONT",0,1,0,"TURNING LEFT","1","LEFT FRONT",0,1,"D, CLASS D VEHICLES",1,"OPERATOR/DRIVER",1,"D, CLASS D VEHICLES",1,0,0,1,0,1,0,1,1,0,0,0,0,0
"898",2018,10,2,15,"FEMALE","FEMALE","Tuesday","REAR-END","ROADWAY","COLLISION WITH PARKED MOTOR VEHICLE","DUSK","CLOUDY","RAIN","NO CONTROLS","NO","WET","NOT AT INTERSECTION","TWO-WAY, NOT DIVIDED","NON INTERSECTION","EASTBOUND","NORTHBOUND","WESTBOUND",1,0,"TRAVELING STRAIGHT AHEAD","2","CENTER FRONT",0,1,0,"PARKED","0","LEFT REAR",1,1,"D, CLASS D VEHICLES",1,"OCCUPANT/PASSENGER",1,"D, CLASS D VEHICLES",0,0,0,0,0,0,0,1,1,0,0,0,1,1
"899",2018,5,27,18,"FEMALE","FEMALE","Sunday","SIDESWIPE, SAME DIRECTION","ROADWAY","COLLISION WITH MOTOR VEHICLE IN TRAFFIC","DUSK","RAIN","CLEAR","NO CONTROLS","YES","WET","OTHER","ONE-WAY, NOT DIVIDED","INTERSECTION","EASTBOUND","SOUTHBOUND","EASTBOUND",1,0,"TRAVELING STRAIGHT AHEAD","more_than2","RIGHT FRONT",0,0,0,"TURNING LEFT","1","LEFT SIDE",0,1,"D, CLASS D VEHICLES",1,"OPERATOR/DRIVER",0,"D, CLASS D VEHICLES",1,0,0,1,0,1,0,0,0,1,0,0,0,0
"900",2018,10,7,4,"MALE","MALE","Sunday","ANGLE","ROADWAY","COLLISION WITH MOTOR VEHICLE IN TRAFFIC","DARK - LIGHTED ROADWAY","CLEAR","CLEAR","NO CONTROLS","YES","DRY","NOT AT INTERSECTION","TWO-WAY, NOT DIVIDED","NON INTERSECTION","EASTBOUND","NORTHBOUND","SOUTHBOUND",1,0,"TRAVELING STRAIGHT AHEAD","2","CENTER FRONT",0,1,0,"MAKING U-TURN","2","LEFT SIDE",0,1,"D, CLASS D VEHICLES",1,"OPERATOR/DRIVER",1,"D, CLASS D VEHICLES",1,0,0,1,0,1,0,1,1,0,0,0,0,0
"901",2018,5,3,22,"MALE","FEMALE","Thursday","SIDESWIPE, OPPOSITE DIRECTION","ROADWAY","COLLISION WITH MOTOR VEHICLE IN TRAFFIC","DARK - LIGHTED ROADWAY","CLOUDY","CLEAR","TRAFFIC CONTROL SIGNAL","YES","DRY","T-INTERSECTION","TWO-WAY, DIVIDED, UNPROTECTED MEDIAN","INTERSECTION","EASTBOUND","NORTHBOUND","EASTBOUND",1,1,"SLOWING OR STOPPED IN TRAFFIC","1","LEFT FRONT",0,1,1,"TRAVELING STRAIGHT AHEAD",NA,"OTHER",0,1,"D, CLASS D VEHICLES",1,"OTHER",1,"D, CLASS D VEHICLES",0,0,0,0,0,0,0,1,1,1,0,0,1,1