"","year","month","day","hour","P1.Sex","P2.Sex","Day.of.Week","Manner.of.Collision","First.Harmful.Event.Location","First.Harmful.Event","Ambient.Light","Weather.Condition.1","Weather.Condition.2","Traffic.Control.Device.Type","Traffic.Control.Device.Functionality","Road.Surface.Condition","Roadway.Junction.Type","Trafficway.Description","Street.or.Intersection","Intersection.Direction.1","Intersection.Direction.2","Street.Direction","v1.State.Code","V1.Hit.and.Run","V1.Action.Prior.to.Crash","V1.Occupant.Count","V1.Most.Damaged.Area","V1.Travel.Direction","V2.State.Code","V2.Hit.and.Run","V2.Action.Prior.to.Crash","V2.Occupant.Count","V2.Most.Damaged.Area","V2.Travel.Direction","P1.Drivers.Lic.State","P1.Drivers.Lic.Class.1","P1.Veh.Owner","P2.Role","P2.Drivers.Lic.State","P2.Drivers.Lic.Class.1","P2.Veh.Owner","First.Harmful.Event.LocationNA","First.Harmful.EventNA","Weather.Condition.2NA","Traffic.Control.Device.TypeNA","Traffic.Control.Device.FunctionalityNA","Trafficway.DescriptionNA","Intersection.Direction.1NA","Intersection.Direction.2NA","Street.DirectionNA","P1.Drivers.Lic.StateNA","P1.Drivers.Lic.Class.1NA","P2.Drivers.Lic.StateNA","P2.Drivers.Lic.Class.1NA"
"1231",2020,10,15,14,"MALE","FEMALE","Thursday","HEAD ON","ROADWAY","OTHER","DAYLIGHT","CLEAR","CLEAR","TRAFFIC CONTROL SIGNAL","YES","DRY","T-INTERSECTION","TWO-WAY, DIVIDED, POSITIVE MEDIAN BARRIER","INTERSECTION","NORTHBOUND","EASTBOUND","EASTBOUND",1,0,"TURNING LEFT","1","OTHER",0,1,0,"TRAVELING STRAIGHT AHEAD","1","RIGHT FRONT",0,1,"D, CLASS D VEHICLES",1,"OPERATOR/DRIVER",1,"D, CLASS D VEHICLES",0,0,0,0,0,0,0,0,0,1,0,0,0,0
"1232",2020,4,12,12,"MALE","MALE","Sunday","REAR-END","ROADWAY","COLLISION WITH MOTOR VEHICLE IN TRAFFIC","DAYLIGHT","CLEAR","CLEAR","NO CONTROLS","YES","DRY","NOT AT INTERSECTION","TWO-WAY, NOT DIVIDED","NON INTERSECTION","EASTBOUND","NORTHBOUND","EASTBOUND",1,0,"SLOWING OR STOPPED IN TRAFFIC","1","REAR CENTER",0,1,0,"TRAVELING STRAIGHT AHEAD","1","CENTER FRONT",0,1,"D, CLASS D VEHICLES",1,"OPERATOR/DRIVER",0,"D, CLASS D VEHICLES",0,0,0,1,0,1,0,1,1,0,0,0,0,0
"1233",2019,6,5,10,"FEMALE","MALE","Wednesday","SIDESWIPE, SAME DIRECTION","ROADWAY","COLLISION WITH PARKED MOTOR VEHICLE","DAYLIGHT","CLEAR","CLEAR","NO CONTROLS","NO","DRY","NOT AT INTERSECTION","ONE-WAY, NOT DIVIDED","NON INTERSECTION","EASTBOUND","NORTHBOUND","SOUTHBOUND",1,1,"PARKED","more_than2","LEFT SIDE",0,0,1,"TRAVELING STRAIGHT AHEAD","1","OTHER",0,0,"UNKNOWN",1,"OCCUPANT/PASSENGER",1,"D, CLASS D VEHICLES",0,0,0,1,0,0,0,1,1,0,0,0,1,1
"1234",2019,10,2,7,"MALE","FEMALE","Wednesday","ANGLE","ROADWAY","COLLISION WITH MOTOR VEHICLE IN TRAFFIC","DAYLIGHT","CLOUDY","CLEAR","STOP SIGNS","YES","DRY","FOUR WAY INTERSECTION","TWO-WAY, DIVIDED, UNPROTECTED MEDIAN","INTERSECTION","NORTHBOUND","EASTBOUND","EASTBOUND",1,0,"TRAVELING STRAIGHT AHEAD","1","RIGHT FRONT",0,1,0,"TRAVELING STRAIGHT AHEAD","1","RIGHT FRONT",0,1,"D, CLASS D VEHICLES",1,"OPERATOR/DRIVER",1,"D, CLASS D VEHICLES",1,0,0,1,0,0,0,0,0,1,0,0,0,0
"1235",2019,11,22,3,"MALE","MALE","Friday","ANGLE","ROADSIDE","COLLISION WITH PARKED MOTOR VEHICLE","DARK - LIGHTED ROADWAY","CLEAR","CLEAR","NO CONTROLS","YES","WET","NOT AT INTERSECTION","TWO-WAY, NOT DIVIDED","NON INTERSECTION","EASTBOUND","NORTHBOUND","WESTBOUND",1,0,"TRAVELING STRAIGHT AHEAD","2","RIGHT FRONT",0,1,0,"PARKED","0","CENTER FRONT",0,1,"D, CLASS D VEHICLES",1,"OCCUPANT/PASSENGER",1,"D, CLASS D VEHICLES",0,0,0,1,0,1,0,1,1,0,0,0,0,1
"1236",2020,3,1,18,"FEMALE","FEMALE","Sunday","REAR-END","ROADWAY","COLLISION WITH MOTOR VEHICLE IN TRAFFIC","DAYLIGHT","CLEAR","CLEAR","TRAFFIC CONTROL SIGNAL","YES","UNKNOWN","FOUR WAY INTERSECTION","TWO-WAY, NOT DIVIDED","INTERSECTION","NORTHBOUND","EASTBOUND","EASTBOUND",1,0,"TRAVELING STRAIGHT AHEAD","1","CENTER FRONT",0,1,0,"TRAVELING STRAIGHT AHEAD","1","REAR CENTER",0,1,"D, CLASS D VEHICLES",1,"OPERATOR/DRIVER",1,"D, CLASS D VEHICLES",1,0,0,1,0,0,0,0,0,1,0,0,0,0
"1237",2020,7,21,17,"MALE","MALE","Tuesday","REAR-END","ROADWAY","COLLISION WITH PARKED MOTOR VEHICLE","DAYLIGHT","CLEAR","CLEAR","NO CONTROLS","YES","DRY","NOT AT INTERSECTION","TWO-WAY, NOT DIVIDED","NON INTERSECTION","EASTBOUND","NORTHBOUND","WESTBOUND",1,0,"PARKED","0","REAR CENTER",0,1,0,"PARKED","0","LEFT FRONT",0,1,"D, CLASS D VEHICLES",0,"UNINVOLVED OWNER",1,"D, CLASS D VEHICLES",1,0,0,1,0,1,0,1,1,0,0,0,0,0
"1238",2019,9,24,21,"FEMALE","MALE","Tuesday","REAR-END","ROADWAY","COLLISION WITH MOTOR VEHICLE IN TRAFFIC","DARK - LIGHTED ROADWAY","CLEAR","CLEAR","TRAFFIC CONTROL SIGNAL","YES","DRY","FOUR WAY INTERSECTION","TWO-WAY, NOT DIVIDED","INTERSECTION","WESTBOUND","SOUTHBOUND","EASTBOUND",1,0,"TRAVELING STRAIGHT AHEAD","1","CENTER FRONT",0,0,0,"OTHER","1","REAR CENTER",0,1,"D, CLASS D VEHICLES",1,"OPERATOR/DRIVER",0,"D, CLASS D VEHICLES",1,0,0,1,0,0,0,0,0,1,0,0,0,0
"1239",2019,11,6,10,"MALE","MALE","Wednesday","REAR-END","ROADWAY","COLLISION WITH MOTOR VEHICLE IN TRAFFIC","DAYLIGHT","CLEAR","CLEAR","NO CONTROLS","YES","DRY","NOT AT INTERSECTION","TWO-WAY, DIVIDED, UNPROTECTED MEDIAN","NON INTERSECTION","EASTBOUND","NORTHBOUND","EASTBOUND",1,0,"BACKING","1","LEFT REAR",0,1,0,"TRAVELING STRAIGHT AHEAD","1","RIGHT FRONT",0,1,"D, CLASS D VEHICLES",1,"OPERATOR/DRIVER",1,"D, CLASS D VEHICLES",0,0,0,1,0,1,0,1,1,0,0,0,0,0
"1240",2019,7,29,17,"FEMALE","MALE","Monday","ANGLE","ROADWAY","COLLISION WITH MOTOR VEHICLE IN TRAFFIC","DAYLIGHT","CLEAR","CLEAR","STOP SIGNS","YES","DRY","OTHER","TWO-WAY, NOT DIVIDED","INTERSECTION","SOUTHBOUND","WESTBOUND","EASTBOUND",0,0,"TRAVELING STRAIGHT AHEAD","1","RIGHT FRONT",0,1,0,"TRAVELING STRAIGHT AHEAD","2","RIGHT FRONT",0,0,"D, CLASS D VEHICLES",0,"OPERATOR/DRIVER",1,"D, CLASS D VEHICLES",1,0,0,1,0,1,0,0,0,1,0,0,0,0
"1241",2019,9,29,2,"FEMALE","FEMALE","Sunday","REAR-END","ROADSIDE","COLLISION WITH PARKED MOTOR VEHICLE","DARK - LIGHTED ROADWAY","CLEAR","CLEAR","NO CONTROLS","YES","DRY","NOT AT INTERSECTION","TWO-WAY, NOT DIVIDED","NON INTERSECTION","EASTBOUND","NORTHBOUND","WESTBOUND",1,0,"TRAVELING STRAIGHT AHEAD","2","CENTER FRONT",0,1,0,"PARKED","0","REAR CENTER",1,1,"D, CLASS D VEHICLES",1,"OCCUPANT/PASSENGER",1,"D, CLASS D VEHICLES",0,0,0,1,0,1,0,1,1,0,0,0,0,0
"1242",2020,3,10,10,"FEMALE","FEMALE","Tuesday","UNKNOWN","ROADWAY","COLLISION WITH MOTOR VEHICLE IN TRAFFIC","DAYLIGHT","CLEAR","CLEAR","TRAFFIC CONTROL SIGNAL","YES","DRY","FOUR WAY INTERSECTION","TWO-WAY, NOT DIVIDED","INTERSECTION","WESTBOUND","SOUTHBOUND","EASTBOUND",1,0,"SLOWING OR STOPPED IN TRAFFIC","1","LEFT REAR",0,1,1,"SLOWING OR STOPPED IN TRAFFIC","1","RIGHT FRONT",0,1,"D, CLASS D VEHICLES",1,"OPERATOR/DRIVER",1,"UNKNOWN",1,0,0,1,0,0,0,0,0,1,0,0,1,0
"1243",2019,10,16,13,"FEMALE","MALE","Wednesday","SIDESWIPE, SAME DIRECTION","ROADWAY","COLLISION WITH MOTOR VEHICLE IN TRAFFIC","DAYLIGHT","CLEAR","CLEAR","NO CONTROLS","YES","DRY","NOT AT INTERSECTION","TWO-WAY, NOT DIVIDED","NON INTERSECTION","EASTBOUND","NORTHBOUND","SOUTHBOUND",1,1,"OTHER","1","OTHER",1,1,0,"TRAVELING STRAIGHT AHEAD","2","LEFT FRONT",1,1,"D, CLASS D VEHICLES",1,"UNINVOLVED OWNER",1,"D, CLASS D VEHICLES",1,0,0,1,0,1,0,1,1,0,0,0,1,1
"1244",2021,2,7,15,"MALE","FEMALE","Sunday","REAR-END","ROADSIDE","COLLISION WITH PARKED MOTOR VEHICLE","DAYLIGHT","SNOW","OTHER","NO CONTROLS","YES","OTHER","NOT AT INTERSECTION","TWO-WAY, DIVIDED, UNPROTECTED MEDIAN","NON INTERSECTION","EASTBOUND","NORTHBOUND","NORTHBOUND",1,0,"TURNING LEFT","2","CENTER FRONT",0,1,0,"PARKED","0","REAR CENTER",1,1,"D, CLASS D VEHICLES",1,"UNINVOLVED OWNER",1,"D, CLASS D VEHICLES",1,0,0,0,0,0,0,1,1,0,0,0,0,0
"1245",2020,2,25,12,"FEMALE","FEMALE","Tuesday","REAR-END","ROADWAY","COLLISION WITH MOTOR VEHICLE IN TRAFFIC","DAYLIGHT","CLEAR","CLEAR","NO CONTROLS","YES","DRY","T-INTERSECTION","TWO-WAY, DIVIDED, POSITIVE MEDIAN BARRIER","INTERSECTION","NORTHBOUND","EASTBOUND","EASTBOUND",1,0,"TRAVELING STRAIGHT AHEAD","1","CENTER FRONT",0,1,0,"SLOWING OR STOPPED IN TRAFFIC","1","LEFT REAR",0,1,"D, CLASS D VEHICLES",1,"OPERATOR/DRIVER",1,"D, CLASS D VEHICLES",1,0,0,1,0,1,0,0,0,1,0,0,0,0
"1246",2019,5,31,7,"FEMALE","MALE","Friday","SIDESWIPE, SAME DIRECTION","ROADWAY","COLLISION WITH MOTOR VEHICLE IN TRAFFIC","DAYLIGHT","CLEAR","CLEAR","TRAFFIC CONTROL SIGNAL","YES","DRY","T-INTERSECTION","TWO-WAY, NOT DIVIDED","INTERSECTION","EASTBOUND","NORTHBOUND","EASTBOUND",1,1,"TURNING RIGHT","1","LEFT FRONT",0,1,1,"TURNING RIGHT","1","OTHER",0,1,"D, CLASS D VEHICLES",1,"UNINVOLVED OWNER",1,"D, CLASS D VEHICLES",1,0,0,1,0,0,0,0,0,1,0,0,1,1
"1247",2021,2,18,7,"FEMALE","MALE","Thursday","ANGLE","ROADWAY","OTHER","DAYLIGHT","CLEAR","CLEAR","NO CONTROLS","NO","OTHER","NOT AT INTERSECTION","TWO-WAY, NOT DIVIDED","NON INTERSECTION","EASTBOUND","NORTHBOUND","EASTBOUND",1,0,"TRAVELING STRAIGHT AHEAD","1","RIGHT FRONT",0,1,0,"TRAVELING STRAIGHT AHEAD","1","RIGHT FRONT",1,1,"D, CLASS D VEHICLES",1,"OPERATOR/DRIVER",1,"D, CLASS D VEHICLES",0,0,0,1,0,0,0,1,1,0,0,0,0,0
"1248",2019,10,11,20,"MALE","MALE","Friday","ANGLE","ROADWAY","COLLISION WITH MOTOR VEHICLE IN TRAFFIC","DARK - LIGHTED ROADWAY","RAIN","CLOUDY","NO CONTROLS","YES","WET","T-INTERSECTION","TWO-WAY, DIVIDED, POSITIVE MEDIAN BARRIER","INTERSECTION","WESTBOUND","NORTHBOUND","EASTBOUND",1,0,"TRAVELING STRAIGHT AHEAD","1","RIGHT FRONT",0,1,0,"OTHER","1","LEFT FRONT",0,1,"D, CLASS D VEHICLES",1,"OPERATOR/DRIVER",1,"D, CLASS D VEHICLES",1,0,0,0,0,1,0,0,1,1,0,0,0,0
"1249",2020,11,8,13,"MALE","MALE","Sunday","HEAD ON","ROADWAY","COLLISION WITH MOTOR VEHICLE IN TRAFFIC","DAYLIGHT","CLEAR","CLEAR","NO CONTROLS","YES","DRY","NOT AT INTERSECTION","TWO-WAY, NOT DIVIDED","NON INTERSECTION","EASTBOUND","NORTHBOUND","SOUTHBOUND",1,0,"OTHER","1","CENTER FRONT",0,1,0,"TRAVELING STRAIGHT AHEAD","1","CENTER FRONT",0,1,"OTHER",0,"OPERATOR/DRIVER",1,"D, CLASS D VEHICLES",1,0,0,1,0,1,0,1,1,0,0,0,0,0
"1250",2019,10,23,9,"MALE","MALE","Wednesday","REAR-END","ROADWAY","COLLISION WITH PARKED MOTOR VEHICLE","DARK - LIGHTED ROADWAY","RAIN","CLOUDY","TRAFFIC CONTROL SIGNAL","YES","WET","OTHER","ONE-WAY, NOT DIVIDED","NON INTERSECTION","EASTBOUND","NORTHBOUND","EASTBOUND",1,0,"TRAVELING STRAIGHT AHEAD","1","RIGHT FRONT",0,1,0,"PARKED",NA,"CENTER FRONT",0,1,"D, CLASS D VEHICLES",1,"UNINVOLVED OWNER",1,"D, CLASS D VEHICLES",1,0,0,0,0,0,0,1,1,0,0,0,0,0
"1251",2020,10,5,12,"FEMALE","MALE","Monday","REAR-END","ROADWAY","COLLISION WITH MOTOR VEHICLE IN TRAFFIC","DAYLIGHT","CLOUDY","CLEAR","NO CONTROLS","YES","DRY","NOT AT INTERSECTION","TWO-WAY, DIVIDED, UNPROTECTED MEDIAN","NON INTERSECTION","EASTBOUND","NORTHBOUND","WESTBOUND",1,0,"SLOWING OR STOPPED IN TRAFFIC","1","REAR CENTER",0,0,0,"TRAVELING STRAIGHT AHEAD","1","CENTER FRONT",0,1,"D, CLASS D VEHICLES",0,"OPERATOR/DRIVER",0,"D, CLASS D VEHICLES",0,0,0,1,0,1,0,1,1,0,0,0,0,0
"1252",2020,12,25,4,"MALE","FEMALE","Friday","ANGLE","ROADWAY","COLLISION WITH PARKED MOTOR VEHICLE","DARK - LIGHTED ROADWAY","RAIN","CLEAR","NO CONTROLS","YES","WET","NOT AT INTERSECTION","ONE-WAY, NOT DIVIDED","NON INTERSECTION","EASTBOUND","NORTHBOUND","EASTBOUND",1,0,"TRAVELING STRAIGHT AHEAD","1","RIGHT FRONT",0,0,0,"PARKED","0","LEFT REAR",1,1,"D, CLASS D VEHICLES",0,"OTHER",1,"D, CLASS D VEHICLES",0,0,0,1,0,1,0,1,1,0,0,0,0,0
"1253",2021,2,10,15,"MALE","MALE","Wednesday","ANGLE","ROADWAY","COLLISION WITH MOTOR VEHICLE IN TRAFFIC","DAYLIGHT","CLEAR","CLEAR","NO CONTROLS","YES","DRY","NOT AT INTERSECTION","TWO-WAY, NOT DIVIDED","NON INTERSECTION","EASTBOUND","NORTHBOUND","WESTBOUND",1,0,"TRAVELING STRAIGHT AHEAD","1","RIGHT FRONT",0,1,0,"OTHER","1","LEFT FRONT",0,1,"D, CLASS D VEHICLES",1,"OPERATOR/DRIVER",1,"D, CLASS D VEHICLES",1,0,0,0,0,1,0,1,1,0,0,0,0,0
"1254",2020,5,6,15,"MALE","FEMALE","Wednesday","ANGLE","ROADSIDE","COLLISION WITH PARKED MOTOR VEHICLE","DAYLIGHT","CLEAR","CLEAR","NO CONTROLS","YES","DRY","NOT AT INTERSECTION","TWO-WAY, DIVIDED, UNPROTECTED MEDIAN","NON INTERSECTION","EASTBOUND","NORTHBOUND","SOUTHBOUND",1,0,"TRAVELING STRAIGHT AHEAD","1","RIGHT FRONT",0,1,0,"PARKED","0","LEFT SIDE",1,1,"D, CLASS D VEHICLES",0,"UNINVOLVED OWNER",1,"D, CLASS D VEHICLES",0,0,0,1,0,1,0,1,1,0,0,0,1,1
"1255",2020,12,12,2,"MALE","FEMALE","Saturday","SIDESWIPE, OPPOSITE DIRECTION","ROADWAY","COLLISION WITH MOTOR VEHICLE IN TRAFFIC","DARK - LIGHTED ROADWAY","CLEAR","CLEAR","TRAFFIC CONTROL SIGNAL","YES","DRY","FOUR WAY INTERSECTION","ONE-WAY, NOT DIVIDED","INTERSECTION","NORTHBOUND","EASTBOUND","EASTBOUND",0,0,"TRAVELING STRAIGHT AHEAD","1","CENTER FRONT",0,1,0,"TRAVELING STRAIGHT AHEAD","more_than2","LEFT SIDE",0,1,"D, CLASS D VEHICLES",1,"OCCUPANT/PASSENGER",1,"UNKNOWN",0,0,0,1,0,0,0,0,0,1,0,0,1,0
"1256",2019,12,2,19,"MALE","FEMALE","Monday","REAR-END","ROADWAY","COLLISION WITH PARKED MOTOR VEHICLE","DARK - LIGHTED ROADWAY","SNOW","RAIN","NO CONTROLS","YES","SNOW","NOT AT INTERSECTION","TWO-WAY, NOT DIVIDED","NON INTERSECTION","EASTBOUND","NORTHBOUND","EASTBOUND",1,0,"TRAVELING STRAIGHT AHEAD","1","LEFT FRONT",0,1,0,"PARKED","0","REAR CENTER",1,0,"D, CLASS D VEHICLES",0,"UNINVOLVED OWNER",1,"D, CLASS D VEHICLES",0,0,0,0,0,0,0,1,1,0,0,0,0,0
"1257",2019,9,27,9,"MALE","FEMALE","Friday","REAR-END","ROADWAY","COLLISION WITH MOTOR VEHICLE IN TRAFFIC","DAYLIGHT","CLEAR","CLEAR","NO CONTROLS","NO","DRY","NOT AT INTERSECTION","ONE-WAY, NOT DIVIDED","NON INTERSECTION","EASTBOUND","NORTHBOUND","EASTBOUND",1,0,"TRAVELING STRAIGHT AHEAD","1","RIGHT REAR",0,0,0,"TRAVELING STRAIGHT AHEAD","1","RIGHT FRONT",0,1,"D, CLASS D VEHICLES",1,"OPERATOR/DRIVER",0,"D, CLASS D VEHICLES",1,0,0,1,0,0,0,0,1,0,0,0,0,0
"1258",2020,9,5,22,"MALE","MALE","Saturday","SIDESWIPE, SAME DIRECTION","ROADWAY","COLLISION WITH PARKED MOTOR VEHICLE","DARK - LIGHTED ROADWAY","CLEAR","CLEAR","NO CONTROLS","YES","DRY","NOT AT INTERSECTION","TWO-WAY, NOT DIVIDED","NON INTERSECTION","EASTBOUND","NORTHBOUND","EASTBOUND",1,0,"TRAVELING STRAIGHT AHEAD","1","RIGHT FRONT",0,1,0,"PARKED","0","RIGHT FRONT",0,1,"D, CLASS D VEHICLES",0,"UNINVOLVED OWNER",1,"D, CLASS D VEHICLES",1,0,0,0,0,0,0,1,1,0,0,0,0,0
"1259",2020,1,16,3,"MALE","MALE","Thursday","REAR-END","ROADWAY","COLLISION WITH MOTOR VEHICLE IN TRAFFIC","DARK - LIGHTED ROADWAY","CLEAR","CLEAR","TRAFFIC CONTROL SIGNAL","YES","DRY","T-INTERSECTION","TWO-WAY, NOT DIVIDED","INTERSECTION","EASTBOUND","NORTHBOUND","EASTBOUND",0,1,"SLOWING OR STOPPED IN TRAFFIC","1","REAR CENTER",0,1,1,"UNKNOWN","2","OTHER",0,1,"D, CLASS D VEHICLES",0,"OCCUPANT/PASSENGER",1,"D, CLASS D VEHICLES",1,0,0,1,0,0,0,0,0,1,0,0,1,1
"1260",2019,10,1,9,"MALE","MALE","Tuesday","ANGLE","ROADWAY","COLLISION WITH MOTOR VEHICLE IN TRAFFIC","DAYLIGHT","CLOUDY","RAIN","STOP SIGNS","YES","WET","FOUR WAY INTERSECTION","TWO-WAY, DIVIDED, UNPROTECTED MEDIAN","INTERSECTION","WESTBOUND","SOUTHBOUND","EASTBOUND",1,0,"TRAVELING STRAIGHT AHEAD","1","RIGHT FRONT",0,1,0,"TRAVELING STRAIGHT AHEAD","1","LEFT SIDE",0,1,"D, CLASS D VEHICLES",1,"OPERATOR/DRIVER",1,"D, CLASS D VEHICLES",1,0,0,0,0,1,0,0,0,1,0,0,0,0
"1261",2019,10,11,18,"MALE","FEMALE","Friday","REAR-END","ROADWAY","COLLISION WITH MOTOR VEHICLE IN TRAFFIC","DARK - LIGHTED ROADWAY","RAIN","RAIN","TRAFFIC CONTROL SIGNAL","YES","WET","FOUR WAY INTERSECTION","TWO-WAY, NOT DIVIDED","INTERSECTION","WESTBOUND","NORTHBOUND","EASTBOUND",0,1,"TRAVELING STRAIGHT AHEAD","1","REAR CENTER",0,1,1,"TRAVELING STRAIGHT AHEAD","1","CENTER FRONT",0,0,"D, CLASS D VEHICLES",1,"UNINVOLVED OWNER",1,"UNKNOWN",1,0,0,0,0,0,0,0,0,1,0,0,1,0
"1262",2019,8,3,0,"MALE","MALE","Saturday","SIDESWIPE, SAME DIRECTION","ROADWAY","COLLISION WITH PARKED MOTOR VEHICLE","DARK - LIGHTED ROADWAY","CLEAR","CLEAR","NO CONTROLS","YES","DRY","NOT AT INTERSECTION","ONE-WAY, NOT DIVIDED","NON INTERSECTION","EASTBOUND","NORTHBOUND","EASTBOUND",1,0,"TRAVELING STRAIGHT AHEAD","1","LEFT FRONT",0,1,0,"PARKED","0","RIGHT REAR",1,1,"D, CLASS D VEHICLES",0,"UNINVOLVED OWNER",1,"D, CLASS D VEHICLES",1,0,0,1,0,1,0,1,1,0,0,0,1,1
"1263",2019,11,2,13,"MALE","MALE","Saturday","SIDESWIPE, SAME DIRECTION","ROADWAY","COLLISION WITH MOTOR VEHICLE IN TRAFFIC","DAYLIGHT","CLEAR","OTHER","OTHER","YES","DRY","OTHER","TWO-WAY, NOT DIVIDED","INTERSECTION","NORTHBOUND","EASTBOUND","EASTBOUND",1,0,"TURNING LEFT","more_than2","LEFT SIDE",0,1,0,"TRAVELING STRAIGHT AHEAD","2","RIGHT FRONT",0,1,"D, CLASS D VEHICLES",1,"OPERATOR/DRIVER",1,"D, CLASS D VEHICLES",1,0,0,0,0,0,0,0,0,1,0,0,0,0
"1264",2020,8,9,21,"MALE","MALE","Sunday","SIDESWIPE, SAME DIRECTION","ROADWAY","COLLISION WITH MOTOR VEHICLE IN TRAFFIC","DARK - LIGHTED ROADWAY","CLEAR","CLEAR","NO CONTROLS","YES","DRY","NOT AT INTERSECTION","TWO-WAY, NOT DIVIDED","NON INTERSECTION","EASTBOUND","NORTHBOUND","SOUTHBOUND",1,0,"TRAVELING STRAIGHT AHEAD","1","RIGHT FRONT",0,1,0,"SLOWING OR STOPPED IN TRAFFIC","1","LEFT FRONT",0,1,"D, CLASS D VEHICLES",1,"OPERATOR/DRIVER",1,"D, CLASS D VEHICLES",1,0,0,1,0,1,0,1,1,0,0,0,0,0
"1265",2019,5,4,1,"MALE","MALE","Saturday","REAR-END","ROADWAY","COLLISION WITH MOTOR VEHICLE IN TRAFFIC","DARK - LIGHTED ROADWAY","OTHER","OTHER","NO CONTROLS","YES","WET","T-INTERSECTION","TWO-WAY, NOT DIVIDED","INTERSECTION","NORTHBOUND","SOUTHBOUND","NORTHBOUND",1,0,"PARKED","1","REAR CENTER",0,1,0,"TRAVELING STRAIGHT AHEAD","2","REAR CENTER",0,0,"D, CLASS D VEHICLES",1,"OPERATOR/DRIVER",1,"D, CLASS D VEHICLES",1,0,0,0,0,0,0,0,0,0,0,0,0,0
"1266",2020,11,19,16,"FEMALE","FEMALE","Thursday","SIDESWIPE, SAME DIRECTION","ROADWAY","COLLISION WITH PARKED MOTOR VEHICLE","DUSK","CLEAR","CLEAR","NO CONTROLS","YES","DRY","NOT AT INTERSECTION","TWO-WAY, NOT DIVIDED","NON INTERSECTION","EASTBOUND","NORTHBOUND","SOUTHBOUND",1,0,"TRAVELING STRAIGHT AHEAD","1","RIGHT FRONT",0,0,0,"PARKED","1","LEFT SIDE",0,1,"D, CLASS D VEHICLES",1,"UNINVOLVED OWNER",1,"UNKNOWN",1,0,0,1,0,1,0,1,1,0,0,0,1,0
"1267",2019,5,9,19,"FEMALE","MALE","Thursday","HEAD ON","ROADWAY","COLLISION WITH MOTOR VEHICLE IN TRAFFIC","OTHER","CLEAR","CLEAR","STOP SIGNS","YES","DRY","T-INTERSECTION","TWO-WAY, NOT DIVIDED","INTERSECTION","NORTHBOUND","EASTBOUND","EASTBOUND",1,0,"TURNING RIGHT","1","LEFT FRONT",0,1,0,"TURNING RIGHT","1","LEFT FRONT",0,1,"D, CLASS D VEHICLES",1,"OPERATOR/DRIVER",1,"D, CLASS D VEHICLES",1,0,0,0,0,0,0,0,0,1,0,0,0,0
"1268",2021,2,26,20,"MALE","MALE","Friday","ANGLE","ROADWAY","COLLISION WITH MOTOR VEHICLE IN TRAFFIC","DARK - LIGHTED ROADWAY","CLEAR","CLEAR","NO CONTROLS","YES","DRY","NOT AT INTERSECTION","TWO-WAY, DIVIDED, UNPROTECTED MEDIAN","NON INTERSECTION","EASTBOUND","NORTHBOUND","NORTHBOUND",1,0,"TURNING RIGHT","1","LEFT FRONT",0,0,0,"TRAVELING STRAIGHT AHEAD","1","CENTER FRONT",0,1,"D, CLASS D VEHICLES",1,"OPERATOR/DRIVER",1,"D, CLASS D VEHICLES",0,0,0,1,0,1,0,1,1,0,0,0,0,0
"1269",2019,9,12,17,"FEMALE","FEMALE","Thursday","SIDESWIPE, SAME DIRECTION","ROADWAY","COLLISION WITH MOTOR VEHICLE IN TRAFFIC","DAYLIGHT","CLEAR","CLEAR","STOP SIGNS","NO","DRY","FOUR WAY INTERSECTION","TWO-WAY, DIVIDED, UNPROTECTED MEDIAN","INTERSECTION","NORTHBOUND","EASTBOUND","EASTBOUND",1,0,"SLOWING OR STOPPED IN TRAFFIC","1","LEFT FRONT",0,0,0,"SLOWING OR STOPPED IN TRAFFIC","1","RIGHT FRONT",0,1,"D, CLASS D VEHICLES",1,"OPERATOR/DRIVER",0,"OTHER",1,0,0,1,0,0,0,0,0,1,0,0,0,0
"1270",2019,6,2,0,"FEMALE","FEMALE","Sunday","REAR-END","ROADWAY","COLLISION WITH MOTOR VEHICLE IN TRAFFIC","DARK - LIGHTED ROADWAY","CLOUDY","CLOUDY","TRAFFIC CONTROL SIGNAL","YES","DRY","FOUR WAY INTERSECTION","TWO-WAY, NOT DIVIDED","INTERSECTION","NORTHBOUND","NORTHBOUND","EASTBOUND",1,0,"SLOWING OR STOPPED IN TRAFFIC","1","RIGHT REAR",0,1,0,"TRAVELING STRAIGHT AHEAD","1","RIGHT FRONT",0,1,"D, CLASS D VEHICLES",1,"OPERATOR/DRIVER",0,"D, CLASS D VEHICLES",1,0,0,0,0,0,0,0,1,1,0,0,0,0
"1271",2019,4,30,12,"FEMALE","MALE","Tuesday","ANGLE","ROADWAY","COLLISION WITH MOTOR VEHICLE IN TRAFFIC","DAYLIGHT","CLOUDY","CLOUDY","TRAFFIC CONTROL SIGNAL","YES","DRY","FOUR WAY INTERSECTION","TWO-WAY, NOT DIVIDED","INTERSECTION","EASTBOUND","NORTHBOUND","EASTBOUND",1,0,"TRAVELING STRAIGHT AHEAD","1","LEFT SIDE",0,0,0,"TURNING LEFT","1","LEFT FRONT",0,1,"D, CLASS D VEHICLES",1,"OPERATOR/DRIVER",0,"D, CLASS D VEHICLES",0,0,0,0,0,0,0,1,0,1,0,0,0,0