"","year","month","day","hour","P1.Sex","P2.Sex","Day.of.Week","Manner.of.Collision","First.Harmful.Event.Location","First.Harmful.Event","Ambient.Light","Weather.Condition.1","Weather.Condition.2","Traffic.Control.Device.Type","Traffic.Control.Device.Functionality","Road.Surface.Condition","Roadway.Junction.Type","Trafficway.Description","Street.or.Intersection","Intersection.Direction.1","Intersection.Direction.2","Street.Direction","v1.State.Code","V1.Hit.and.Run","V1.Action.Prior.to.Crash","V1.Occupant.Count","V1.Most.Damaged.Area","V1.Travel.Direction","V2.State.Code","V2.Hit.and.Run","V2.Action.Prior.to.Crash","V2.Occupant.Count","V2.Most.Damaged.Area","V2.Travel.Direction","P1.Drivers.Lic.State","P1.Drivers.Lic.Class.1","P1.Veh.Owner","P2.Role","P2.Drivers.Lic.State","P2.Drivers.Lic.Class.1","P2.Veh.Owner","First.Harmful.Event.LocationNA","First.Harmful.EventNA","Weather.Condition.2NA","Traffic.Control.Device.TypeNA","Traffic.Control.Device.FunctionalityNA","Trafficway.DescriptionNA","Intersection.Direction.1NA","Intersection.Direction.2NA","Street.DirectionNA","P1.Drivers.Lic.StateNA","P1.Drivers.Lic.Class.1NA","P2.Drivers.Lic.StateNA","P2.Drivers.Lic.Class.1NA"
"1560",2022,2,25,14,"MALE","FEMALE","Friday","ANGLE","ROADWAY","COLLISION WITH MOTOR VEHICLE IN TRAFFIC","DAYLIGHT","SNOW","CLEAR","TRAFFIC CONTROL SIGNAL","YES","OTHER","FOUR WAY INTERSECTION","TWO-WAY, NOT DIVIDED","INTERSECTION","EASTBOUND","NORTHBOUND","EASTBOUND",1,0,"TRAVELING STRAIGHT AHEAD","1","LEFT FRONT",0,1,0,"TURNING LEFT","more_than2","LEFT FRONT",0,1,"D, CLASS D VEHICLES",0,"UNINVOLVED OWNER",1,"D, CLASS D VEHICLES",1,0,0,1,0,0,0,1,1,1,0,0,0,0
"1561",2022,5,24,14,"MALE","MALE","Tuesday","ANGLE","ROADWAY","OTHER","DAYLIGHT","CLEAR","CLEAR","NO CONTROLS","NO","DRY","OTHER","TWO-WAY, DIVIDED, UNPROTECTED MEDIAN","NON INTERSECTION","EASTBOUND","NORTHBOUND","NORTHBOUND",1,0,"MAKING U-TURN","1","LEFT SIDE",0,1,0,"TRAVELING STRAIGHT AHEAD","1","RIGHT FRONT",0,1,"D, CLASS D VEHICLES",1,"OPERATOR/DRIVER",1,"D, CLASS D VEHICLES",0,0,0,1,0,0,0,1,1,0,0,0,0,0
"1562",2022,7,5,17,"FEMALE","FEMALE","Tuesday","SINGLE VEHICLE CRASH","ROADWAY","COLLISION WITH PARKED MOTOR VEHICLE","DAYLIGHT","CLEAR","CLEAR","NO CONTROLS","YES","DRY","NOT AT INTERSECTION","UNKNOWN","NON INTERSECTION","EASTBOUND","NORTHBOUND","WESTBOUND",1,1,"PARKED","1","LEFT SIDE",1,1,1,"UNKNOWN","0","OTHER",1,1,"D, CLASS D VEHICLES",1,"OPERATOR/DRIVER",1,"D, CLASS D VEHICLES",1,0,0,1,0,0,0,1,1,0,0,0,0,0
"1563",2022,2,18,22,"MALE","MALE","Friday","SIDESWIPE, SAME DIRECTION","UNKNOWN","COLLISION WITH PARKED MOTOR VEHICLE","DARK - LIGHTED ROADWAY","CLEAR","CLEAR","NO CONTROLS","NO","DRY","NOT AT INTERSECTION","TWO-WAY, DIVIDED, UNPROTECTED MEDIAN","NON INTERSECTION","EASTBOUND","NORTHBOUND","SOUTHBOUND",1,0,"OTHER","1","CENTER FRONT",0,1,0,"UNKNOWN","0","LEFT SIDE",1,1,"D, CLASS D VEHICLES",1,"UNINVOLVED OWNER",1,"D, CLASS D VEHICLES",1,0,0,0,0,0,0,1,1,0,0,0,0,1
"1564",2021,10,18,22,"MALE","FEMALE","Monday","SIDESWIPE, SAME DIRECTION","ROADWAY","COLLISION WITH PARKED MOTOR VEHICLE","OTHER","CLEAR","CLEAR","NO CONTROLS","YES","DRY","NOT AT INTERSECTION","ONE-WAY, NOT DIVIDED","NON INTERSECTION","EASTBOUND","NORTHBOUND","NORTHBOUND",1,1,"OTHER","1","RIGHT FRONT",0,1,0,"PARKED","0","LEFT FRONT",1,1,"D, CLASS D VEHICLES",1,"UNINVOLVED OWNER",1,"D, CLASS D VEHICLES",1,0,0,0,0,1,0,1,1,0,0,0,1,1
"1565",2022,7,7,11,"MALE","FEMALE","Thursday","ANGLE","ROADSIDE","COLLISION WITH PARKED MOTOR VEHICLE","UNKNOWN","UNKNOWN","CLEAR","NO CONTROLS","YES","UNKNOWN","NOT AT INTERSECTION","ONE-WAY, NOT DIVIDED","NON INTERSECTION","EASTBOUND","NORTHBOUND","NORTHBOUND",1,1,"BACKING","1","LEFT FRONT",0,1,1,"PARKED",NA,"RIGHT FRONT",0,1,"D, CLASS D VEHICLES",1,"OPERATOR/DRIVER",1,"D, CLASS D VEHICLES",1,0,0,1,0,1,0,1,1,0,0,0,0,0
"1566",2021,10,25,1,"MALE","MALE","Monday","HEAD ON","OTHER","COLLISION WITH MOTOR VEHICLE IN TRAFFIC","DARK - LIGHTED ROADWAY","RAIN","CLEAR","TRAFFIC CONTROL SIGNAL","YES","WET","FOUR WAY INTERSECTION","TWO-WAY, DIVIDED, POSITIVE MEDIAN BARRIER","INTERSECTION","WESTBOUND","NORTHBOUND","EASTBOUND",0,1,"OTHER","1","RIGHT FRONT",0,1,0,"TRAVELING STRAIGHT AHEAD","1","LEFT FRONT",0,1,"D, CLASS D VEHICLES",0,"OPERATOR/DRIVER",1,"D, CLASS D VEHICLES",1,0,0,1,0,0,0,0,0,1,0,0,0,0
"1567",2021,11,20,12,"MALE","FEMALE","Saturday","REAR-END","ROADWAY","COLLISION WITH MOTOR VEHICLE IN TRAFFIC","DAYLIGHT","CLEAR","CLEAR","TRAFFIC CONTROL SIGNAL","YES","DRY","T-INTERSECTION","TWO-WAY, DIVIDED, UNPROTECTED MEDIAN","INTERSECTION","NORTHBOUND","WESTBOUND","EASTBOUND",1,0,"TRAVELING STRAIGHT AHEAD","1","REAR CENTER",0,1,0,"TRAVELING STRAIGHT AHEAD","1","CENTER FRONT",0,1,"D, CLASS D VEHICLES",1,"OPERATOR/DRIVER",1,"D, CLASS D VEHICLES",0,0,0,1,0,0,0,0,0,1,0,0,0,0
"1568",2022,4,21,11,"FEMALE","MALE","Thursday","ANGLE","ROADWAY","COLLISION WITH MOTOR VEHICLE IN TRAFFIC","DAYLIGHT","CLEAR","CLEAR","NO CONTROLS","YES","DRY","T-INTERSECTION","ONE-WAY, NOT DIVIDED","INTERSECTION","NORTHBOUND","EASTBOUND","EASTBOUND",1,0,"TRAVELING STRAIGHT AHEAD","1","LEFT FRONT",0,1,0,"TRAVELING STRAIGHT AHEAD","1","RIGHT REAR",0,1,"D, CLASS D VEHICLES",0,"UNINVOLVED OWNER",1,"D, CLASS D VEHICLES",1,0,0,1,0,1,0,0,0,1,0,0,0,0
"1569",2022,9,2,3,"FEMALE","MALE","Friday","ANGLE","ROADWAY","COLLISION WITH MOTOR VEHICLE IN TRAFFIC","DARK - LIGHTED ROADWAY","CLEAR","CLEAR","TRAFFIC CONTROL SIGNAL","YES","DRY","T-INTERSECTION","ONE-WAY, NOT DIVIDED","INTERSECTION","EASTBOUND","NORTHBOUND","EASTBOUND",1,0,"TRAVELING STRAIGHT AHEAD","2","CENTER FRONT",0,1,0,"ENTERING TRAFFIC LANE","1","RIGHT FRONT",0,1,"D, CLASS D VEHICLES",1,"OCCUPANT/PASSENGER",1,"D, CLASS D VEHICLES",0,0,0,1,0,0,0,0,0,1,0,0,1,1
"1570",2022,6,10,11,"FEMALE","MALE","Friday","REAR-END","UNKNOWN","COLLISION WITH MOTOR VEHICLE IN TRAFFIC","DAYLIGHT","CLEAR","CLEAR","TRAFFIC CONTROL SIGNAL","YES","UNKNOWN","T-INTERSECTION","TWO-WAY, DIVIDED, UNPROTECTED MEDIAN","INTERSECTION","SOUTHBOUND","WESTBOUND","EASTBOUND",1,0,"SLOWING OR STOPPED IN TRAFFIC","1","LEFT REAR",0,0,1,"OTHER","1","RIGHT FRONT",0,1,"D, CLASS D VEHICLES",1,"OPERATOR/DRIVER",1,"D, CLASS D VEHICLES",0,0,0,1,0,0,0,0,0,1,0,0,0,0
"1571",2021,5,14,13,"MALE","MALE","Friday","SIDESWIPE, SAME DIRECTION","ROADWAY","COLLISION WITH MOTOR VEHICLE IN TRAFFIC","DAYLIGHT","CLEAR","CLEAR","TRAFFIC CONTROL SIGNAL","YES","DRY","T-INTERSECTION","TWO-WAY, NOT DIVIDED","INTERSECTION","NORTHBOUND","WESTBOUND","EASTBOUND",1,1,"TRAVELING STRAIGHT AHEAD","1","LEFT FRONT",0,1,0,"TRAVELING STRAIGHT AHEAD","1","OTHER",0,1,"D, CLASS D VEHICLES",1,"UNINVOLVED OWNER",1,"D, CLASS D VEHICLES",1,0,0,0,0,0,0,0,0,1,0,0,1,1
"1572",2022,6,1,19,"MALE","FEMALE","Wednesday","ANGLE","ROADWAY","COLLISION WITH MOTOR VEHICLE IN TRAFFIC","DAYLIGHT","CLOUDY","CLEAR","TRAFFIC CONTROL SIGNAL","YES","WET","T-INTERSECTION","TWO-WAY, DIVIDED, POSITIVE MEDIAN BARRIER","INTERSECTION","SOUTHBOUND","EASTBOUND","EASTBOUND",1,0,"TRAVELING STRAIGHT AHEAD","1","LEFT FRONT",0,1,0,"TURNING LEFT","1","CENTER FRONT",0,1,"D, CLASS D VEHICLES",1,"OPERATOR/DRIVER",1,"D, CLASS D VEHICLES",1,0,0,1,0,0,0,0,0,1,0,0,0,0
"1573",2021,7,29,13,"FEMALE","MALE","Thursday","REAR TO REAR","OUTSIDE ROADWAY","COLLISION WITH PARKED MOTOR VEHICLE","DAYLIGHT","CLEAR","CLEAR","NO CONTROLS","YES","DRY","NOT AT INTERSECTION","UNKNOWN","NON INTERSECTION","EASTBOUND","NORTHBOUND","EASTBOUND",1,0,"BACKING","2","RIGHT REAR",0,1,0,"PARKED","0","OTHER",0,1,"D, CLASS D VEHICLES",1,"OCCUPANT/PASSENGER",1,"UNKNOWN",0,0,0,1,0,1,0,1,1,0,0,0,1,0
"1574",2021,4,6,8,"MALE","MALE","Tuesday","SIDESWIPE, SAME DIRECTION","ROADWAY","COLLISION WITH MOTOR VEHICLE IN TRAFFIC","DAYLIGHT","CLEAR","CLEAR","NO CONTROLS","YES","DRY","NOT AT INTERSECTION","ONE-WAY, NOT DIVIDED","NON INTERSECTION","EASTBOUND","NORTHBOUND","SOUTHBOUND",1,0,"TRAVELING STRAIGHT AHEAD","1","RIGHT FRONT",0,1,0,"PARKED","1","LEFT SIDE",0,1,"D, CLASS D VEHICLES",1,"OPERATOR/DRIVER",0,"D, CLASS D VEHICLES",0,0,0,1,0,1,0,1,1,0,0,0,0,0
"1575",2022,2,14,6,"FEMALE","MALE","Monday","HEAD ON","ROADWAY","COLLISION WITH MOTOR VEHICLE IN TRAFFIC","DARK - LIGHTED ROADWAY","SNOW","CLEAR","NO CONTROLS","YES","WET","NOT AT INTERSECTION","TWO-WAY, NOT DIVIDED","NON INTERSECTION","EASTBOUND","NORTHBOUND","SOUTHBOUND",1,0,"TRAVELING STRAIGHT AHEAD","more_than2","CENTER FRONT",0,1,0,"TRAVELING STRAIGHT AHEAD","1","CENTER FRONT",0,1,"D, CLASS D VEHICLES",0,"OPERATOR/DRIVER",1,"D, CLASS D VEHICLES",1,0,0,1,0,1,0,1,1,0,0,0,0,0
"1576",2021,7,21,13,"MALE","FEMALE","Wednesday","ANGLE","ROADWAY","COLLISION WITH MOTOR VEHICLE IN TRAFFIC","DAYLIGHT","CLEAR","CLEAR","TRAFFIC CONTROL SIGNAL","YES","DRY","T-INTERSECTION","TWO-WAY, DIVIDED, POSITIVE MEDIAN BARRIER","INTERSECTION","NORTHBOUND","SOUTHBOUND","EASTBOUND",1,0,"TURNING LEFT","1","RIGHT SIDE",0,1,0,"TRAVELING STRAIGHT AHEAD","1","CENTER FRONT",0,1,"D, CLASS D VEHICLES",0,"OPERATOR/DRIVER",1,"D, CLASS D VEHICLES",0,0,0,0,0,0,0,0,0,1,0,0,0,0
"1577",2021,8,6,0,"MALE","MALE","Friday","REAR-END","ROADWAY","COLLISION WITH PARKED MOTOR VEHICLE","DARK - LIGHTED ROADWAY","CLOUDY","CLEAR","STOP SIGNS","YES","WET","FOUR WAY INTERSECTION","TWO-WAY, NOT DIVIDED","INTERSECTION","NORTHBOUND","EASTBOUND","EASTBOUND",1,1,"TRAVELING STRAIGHT AHEAD","1","RIGHT FRONT",0,1,0,"PARKED","0","LEFT REAR",0,1,"D, CLASS D VEHICLES",1,"UNINVOLVED OWNER",1,"D, CLASS D VEHICLES",0,0,0,1,0,0,0,0,0,1,0,0,1,0
"1578",2021,11,24,9,"MALE","MALE","Wednesday","ANGLE","ROADWAY","COLLISION WITH MOTOR VEHICLE IN TRAFFIC","DAYLIGHT","CLEAR","CLEAR","TRAFFIC CONTROL SIGNAL","YES","DRY","FOUR WAY INTERSECTION","TWO-WAY, NOT DIVIDED","INTERSECTION","EASTBOUND","SOUTHBOUND","EASTBOUND",1,0,"TRAVELING STRAIGHT AHEAD","1","CENTER FRONT",0,1,0,"TURNING LEFT","1","CENTER FRONT",0,1,"D, CLASS D VEHICLES",1,"OPERATOR/DRIVER",1,"D, CLASS D VEHICLES",1,0,0,1,0,0,0,0,0,1,0,0,0,0
"1579",2022,4,27,12,"MALE","MALE","Wednesday","SIDESWIPE, SAME DIRECTION","ROADWAY","COLLISION WITH PARKED MOTOR VEHICLE","DAYLIGHT","CLEAR","CLEAR","NO CONTROLS","NO","DRY","NOT AT INTERSECTION","TWO-WAY, NOT DIVIDED","NON INTERSECTION","EASTBOUND","NORTHBOUND","WESTBOUND",1,1,"TRAVELING STRAIGHT AHEAD","1","RIGHT FRONT",0,0,0,"PARKED","0","LEFT REAR",0,1,"D, CLASS D VEHICLES",1,"OPERATOR/DRIVER",0,"OTHER",0,0,0,1,0,0,0,1,1,0,0,0,0,0
"1580",2022,9,23,14,"FEMALE","FEMALE","Friday","SIDESWIPE, OPPOSITE DIRECTION","ROADWAY","COLLISION WITH MOTOR VEHICLE IN TRAFFIC","DAYLIGHT","CLEAR","CLEAR","NO CONTROLS","YES","DRY","NOT AT INTERSECTION","TWO-WAY, NOT DIVIDED","NON INTERSECTION","EASTBOUND","NORTHBOUND","WESTBOUND",1,0,"TRAVELING STRAIGHT AHEAD","1","LEFT SIDE",0,1,0,"TRAVELING STRAIGHT AHEAD","2","LEFT FRONT",0,1,"D, CLASS D VEHICLES",0,"OPERATOR/DRIVER",1,"D, CLASS D VEHICLES",0,0,0,1,0,1,0,1,1,0,0,0,0,0
"1581",2022,7,14,12,"FEMALE","FEMALE","Thursday","REAR-END","ROADWAY","COLLISION WITH MOTOR VEHICLE IN TRAFFIC","DAYLIGHT","CLEAR","OTHER","NO CONTROLS","YES","DRY","NOT AT INTERSECTION","TWO-WAY, NOT DIVIDED","NON INTERSECTION","EASTBOUND","NORTHBOUND","EASTBOUND",1,0,"SLOWING OR STOPPED IN TRAFFIC","1","RIGHT REAR",0,1,0,"TRAVELING STRAIGHT AHEAD","more_than2","OTHER",0,1,"D, CLASS D VEHICLES",1,"OPERATOR/DRIVER",1,"D, CLASS D VEHICLES",1,0,0,0,0,0,0,1,1,0,0,0,0,0
"1582",2022,8,25,13,"FEMALE","FEMALE","Thursday","SIDESWIPE, SAME DIRECTION","UNKNOWN","OTHER","DAYLIGHT","CLEAR","CLEAR","NO CONTROLS","YES","DRY","NOT AT INTERSECTION","ONE-WAY, NOT DIVIDED","NON INTERSECTION","EASTBOUND","NORTHBOUND","EASTBOUND",1,0,"TURNING RIGHT","2","RIGHT FRONT",0,1,0,"PARKED","0","LEFT REAR",1,1,"D, CLASS D VEHICLES",0,"OCCUPANT/PASSENGER",1,"D, CLASS D VEHICLES",1,0,0,1,0,0,0,1,1,0,0,0,0,0
"1583",2022,5,20,17,"FEMALE","MALE","Friday","REAR-END","ROADWAY","COLLISION WITH MOTOR VEHICLE IN TRAFFIC","DAYLIGHT","CLEAR","CLEAR","TRAFFIC CONTROL SIGNAL","YES","DRY","OTHER","TWO-WAY, DIVIDED, POSITIVE MEDIAN BARRIER","NON INTERSECTION","NORTHBOUND","WESTBOUND","NORTHBOUND",1,0,"SLOWING OR STOPPED IN TRAFFIC","2","REAR CENTER",0,1,0,"TRAVELING STRAIGHT AHEAD","1","LEFT FRONT",0,1,"D, CLASS D VEHICLES",1,"OCCUPANT/PASSENGER",1,"UNKNOWN",0,0,0,0,0,0,0,0,0,0,0,0,1,0
"1584",2022,2,18,0,"MALE","FEMALE","Friday","SINGLE VEHICLE CRASH","ROADSIDE","COLLISION WITH PARKED MOTOR VEHICLE","DARK - LIGHTED ROADWAY","CLEAR","CLEAR","NO CONTROLS","NO","DRY","NOT AT INTERSECTION","ONE-WAY, NOT DIVIDED","NON INTERSECTION","EASTBOUND","NORTHBOUND","WESTBOUND",1,1,"PARKED","2","OTHER",0,1,1,"PARKED","1","CENTER FRONT",0,1,"D, CLASS D VEHICLES",1,"UNINVOLVED OWNER",1,"D, CLASS D VEHICLES",1,0,0,1,0,0,0,1,1,0,0,0,0,1
"1585",2022,8,3,13,"MALE","MALE","Wednesday","ANGLE","ROADWAY","COLLISION WITH MOTOR VEHICLE IN TRAFFIC","DAYLIGHT","CLEAR","CLEAR","NO CONTROLS","YES","DRY","NOT AT INTERSECTION","TWO-WAY, NOT DIVIDED","NON INTERSECTION","EASTBOUND","NORTHBOUND","WESTBOUND",0,0,"MAKING U-TURN","1","CENTER FRONT",0,1,0,"TRAVELING STRAIGHT AHEAD","1","LEFT FRONT",0,0,"D, CLASS D VEHICLES",1,"OPERATOR/DRIVER",1,"D, CLASS D VEHICLES",0,0,0,1,0,1,0,1,1,0,0,0,0,0
"1586",2021,7,30,14,"MALE","MALE","Friday","ANGLE","ROADWAY","COLLISION WITH MOTOR VEHICLE IN TRAFFIC","DAYLIGHT","CLEAR","CLEAR","STOP SIGNS","YES","DRY","T-INTERSECTION","TWO-WAY, NOT DIVIDED","INTERSECTION","WESTBOUND","SOUTHBOUND","EASTBOUND",1,0,"TRAVELING STRAIGHT AHEAD","1","CENTER FRONT",0,1,0,"TURNING LEFT","1","CENTER FRONT",0,1,"D, CLASS D VEHICLES",1,"OPERATOR/DRIVER",1,"D, CLASS D VEHICLES",0,0,0,1,0,0,0,0,0,1,0,0,0,0
"1587",2021,10,22,15,"MALE","MALE","Friday","SIDESWIPE, SAME DIRECTION","ROADWAY","COLLISION WITH MOTOR VEHICLE IN TRAFFIC","DAYLIGHT","CLEAR","CLEAR","STOP SIGNS","YES","DRY","T-INTERSECTION","TWO-WAY, NOT DIVIDED","INTERSECTION","SOUTHBOUND","EASTBOUND","EASTBOUND",0,0,"TRAVELING STRAIGHT AHEAD","more_than2","RIGHT SIDE",0,1,0,"TURNING RIGHT","1","LEFT FRONT",0,0,"D, CLASS D VEHICLES",1,"OPERATOR/DRIVER",1,"D, CLASS D VEHICLES",1,0,0,1,0,0,0,0,0,1,0,0,0,0
"1588",2022,2,28,9,"MALE","FEMALE","Monday","ANGLE","ROADWAY","COLLISION WITH MOTOR VEHICLE IN TRAFFIC","DAYLIGHT","CLEAR","CLEAR","NO CONTROLS","YES","DRY","NOT AT INTERSECTION","ONE-WAY, NOT DIVIDED","NON INTERSECTION","EASTBOUND","NORTHBOUND","EASTBOUND",1,0,"PARKED","1","RIGHT FRONT",0,1,0,"TRAVELING STRAIGHT AHEAD","1","LEFT SIDE",0,1,"D, CLASS D VEHICLES",1,"OPERATOR/DRIVER",1,"D, CLASS D VEHICLES",0,0,0,1,0,0,0,1,1,0,0,0,0,0
"1589",2022,10,11,20,"MALE","MALE","Tuesday","ANGLE","ROADWAY","COLLISION WITH MOTOR VEHICLE IN TRAFFIC","DARK - LIGHTED ROADWAY","CLEAR","CLEAR","TRAFFIC CONTROL SIGNAL","YES","DRY","T-INTERSECTION","TWO-WAY, DIVIDED, UNPROTECTED MEDIAN","INTERSECTION","WESTBOUND","WESTBOUND","EASTBOUND",1,0,"TRAVELING STRAIGHT AHEAD","1","RIGHT FRONT",0,1,0,"TURNING RIGHT","1","OTHER",0,1,"D, CLASS D VEHICLES",1,"OPERATOR/DRIVER",1,"D, CLASS D VEHICLES",1,0,0,1,0,0,0,0,0,1,0,0,0,0
"1590",2022,8,22,10,"MALE","MALE","Monday","REAR-END","ROADWAY","COLLISION WITH MOTOR VEHICLE IN TRAFFIC","DAYLIGHT","CLOUDY","CLOUDY","NO CONTROLS","NO","DRY","NOT AT INTERSECTION","ONE-WAY, NOT DIVIDED","NON INTERSECTION","EASTBOUND","NORTHBOUND","NORTHBOUND",1,1,"TRAVELING STRAIGHT AHEAD","1","LEFT REAR",0,1,1,"TRAVELING STRAIGHT AHEAD","1","OTHER",0,1,"D, CLASS D VEHICLES",1,"OPERATOR/DRIVER",1,"D, CLASS D VEHICLES",1,0,0,0,0,0,0,1,1,0,0,0,0,0
"1591",2022,5,15,20,"MALE","MALE","Sunday","HEAD ON","ROADWAY","COLLISION WITH PARKED MOTOR VEHICLE","DAYLIGHT","CLEAR","CLEAR","NO CONTROLS","NO","DRY","NOT AT INTERSECTION","ONE-WAY, NOT DIVIDED","NON INTERSECTION","EASTBOUND","NORTHBOUND","SOUTHBOUND",1,1,"TRAVELING STRAIGHT AHEAD","1","RIGHT FRONT",0,1,0,"PARKED","2","LEFT REAR",0,1,"D, CLASS D VEHICLES",1,"UNINVOLVED OWNER",1,"D, CLASS D VEHICLES",1,0,0,1,0,0,0,1,1,0,0,0,0,0
"1592",2022,3,15,20,"FEMALE","MALE","Tuesday","SIDESWIPE, SAME DIRECTION","ROADWAY","COLLISION WITH MOTOR VEHICLE IN TRAFFIC","DUSK","CLEAR","CLEAR","TRAFFIC CONTROL SIGNAL","YES","DRY","NOT AT INTERSECTION","UNKNOWN","NON INTERSECTION","EASTBOUND","NORTHBOUND","WESTBOUND",1,0,"TRAVELING STRAIGHT AHEAD","1","LEFT SIDE",0,1,1,"TURNING RIGHT","1","RIGHT SIDE",0,1,"D, CLASS D VEHICLES",0,"UNINVOLVED OWNER",1,"D, CLASS D VEHICLES",1,0,0,1,0,0,0,1,1,0,0,0,1,1
"1593",2021,11,8,12,"MALE","MALE","Monday","SIDESWIPE, OPPOSITE DIRECTION","ROADWAY","COLLISION WITH MOTOR VEHICLE IN TRAFFIC","DAYLIGHT","UNKNOWN","CLEAR","NO CONTROLS","YES","UNKNOWN","NOT AT INTERSECTION","TWO-WAY, NOT DIVIDED","NON INTERSECTION","EASTBOUND","NORTHBOUND","NORTHBOUND",1,0,"TRAVELING STRAIGHT AHEAD","1","LEFT SIDE",0,1,1,"TRAVELING STRAIGHT AHEAD","1","LEFT SIDE",0,1,"D, CLASS D VEHICLES",1,"UNINVOLVED OWNER",1,"D, CLASS D VEHICLES",1,0,0,1,0,1,0,1,1,0,0,0,0,0
"1594",2022,7,6,5,"MALE","MALE","Wednesday","ANGLE","ROADWAY","COLLISION WITH MOTOR VEHICLE IN TRAFFIC","OTHER","CLEAR","CLEAR","TRAFFIC CONTROL SIGNAL","YES","WET","FOUR WAY INTERSECTION","TWO-WAY, NOT DIVIDED","INTERSECTION","SOUTHBOUND","EASTBOUND","EASTBOUND",1,0,"TRAVELING STRAIGHT AHEAD","1","RIGHT FRONT",0,0,0,"TRAVELING STRAIGHT AHEAD","1","RIGHT FRONT",0,1,"D, CLASS D VEHICLES",1,"OPERATOR/DRIVER",0,"D, CLASS D VEHICLES",1,0,0,1,0,0,0,0,0,1,0,0,0,0
"1595",2022,5,17,14,"MALE","MALE","Tuesday","UNKNOWN","ROADWAY","COLLISION WITH MOTOR VEHICLE IN TRAFFIC","DAYLIGHT","CLEAR","CLEAR","NO CONTROLS","YES","DRY","FOUR WAY INTERSECTION","TWO-WAY, NOT DIVIDED","INTERSECTION","EASTBOUND","EASTBOUND","EASTBOUND",1,0,"TRAVELING STRAIGHT AHEAD","1","CENTER FRONT",0,1,0,"TRAVELING STRAIGHT AHEAD","1","CENTER FRONT",0,1,"OTHER",1,"OPERATOR/DRIVER",1,"D, CLASS D VEHICLES",0,0,0,0,0,1,0,0,0,1,0,0,0,0
"1596",2021,6,9,22,"FEMALE","MALE","Wednesday","SIDESWIPE, OPPOSITE DIRECTION","ROADWAY","COLLISION WITH MOTOR VEHICLE IN TRAFFIC","DARK - LIGHTED ROADWAY","CLEAR","CLEAR","TRAFFIC CONTROL SIGNAL","YES","DRY","FOUR WAY INTERSECTION","TWO-WAY, NOT DIVIDED","INTERSECTION","EASTBOUND","SOUTHBOUND","EASTBOUND",1,0,"TRAVELING STRAIGHT AHEAD","2","RIGHT FRONT",0,1,1,"TRAVELING STRAIGHT AHEAD","1","RIGHT FRONT",0,1,"D, CLASS D VEHICLES",0,"OPERATOR/DRIVER",1,"UNKNOWN",0,0,0,1,0,0,0,0,0,1,0,0,1,0
"1597",2022,4,9,22,"MALE","MALE","Saturday","REAR-END","ROADWAY","COLLISION WITH MOTOR VEHICLE IN TRAFFIC","DARK - LIGHTED ROADWAY","CLEAR","CLEAR","TRAFFIC CONTROL SIGNAL","YES","DRY","FOUR WAY INTERSECTION","TWO-WAY, NOT DIVIDED","INTERSECTION","WESTBOUND","NORTHBOUND","EASTBOUND",1,0,"TRAVELING STRAIGHT AHEAD","1","CENTER FRONT",0,1,0,"SLOWING OR STOPPED IN TRAFFIC","more_than2","RIGHT REAR",0,1,"D, CLASS D VEHICLES",1,"OPERATOR/DRIVER",1,"D, CLASS D VEHICLES",0,0,0,1,0,0,0,0,0,0,0,0,0,0
"1598",2021,6,12,4,"MALE","MALE","Saturday","SIDESWIPE, SAME DIRECTION","ROADWAY","COLLISION WITH PARKED MOTOR VEHICLE","DARK - LIGHTED ROADWAY","RAIN","CLEAR","NO CONTROLS","YES","WET","NOT AT INTERSECTION","TWO-WAY, NOT DIVIDED","NON INTERSECTION","NORTHBOUND","NORTHBOUND","NORTHBOUND",1,0,"TRAVELING STRAIGHT AHEAD","1","CENTER FRONT",0,1,0,"PARKED","0","LEFT SIDE",1,1,"D, CLASS D VEHICLES",0,"UNINVOLVED OWNER",1,"D, CLASS D VEHICLES",0,0,0,1,0,0,0,0,1,0,0,0,0,0
"1599",2021,7,21,21,"FEMALE","MALE","Wednesday","SIDESWIPE, SAME DIRECTION","ROADWAY","COLLISION WITH PARKED MOTOR VEHICLE","DAYLIGHT","CLEAR","CLEAR","NO CONTROLS","YES","DRY","NOT AT INTERSECTION","TWO-WAY, NOT DIVIDED","NON INTERSECTION","EASTBOUND","NORTHBOUND","EASTBOUND",1,0,"TRAVELING STRAIGHT AHEAD","2","RIGHT FRONT",0,1,0,"PARKED","0","LEFT REAR",1,1,"D, CLASS D VEHICLES",0,"OCCUPANT/PASSENGER",1,"UNKNOWN",0,0,0,0,0,1,0,1,1,0,0,0,1,0
"1600",2021,5,31,20,"MALE","FEMALE","Monday","ANGLE","ROADWAY","COLLISION WITH MOTOR VEHICLE IN TRAFFIC","DUSK","CLEAR","CLEAR","STOP SIGNS","YES","DRY","FOUR WAY INTERSECTION","TWO-WAY, NOT DIVIDED","INTERSECTION","EASTBOUND","SOUTHBOUND","EASTBOUND",1,0,"ENTERING TRAFFIC LANE","1","RIGHT FRONT",0,1,0,"TRAVELING STRAIGHT AHEAD","1","LEFT FRONT",0,1,"D, CLASS D VEHICLES",1,"OPERATOR/DRIVER",1,"UNKNOWN",1,0,0,1,0,0,0,0,0,1,0,0,0,0